scenario,algorithm,seed,input_sha256,window_start_sim_s,window_end_sim_s,incident_sim_s,barrier_sim_s,throughput_ratio,departed_trains,trains_per_hour,delay_sim_s,freight_wagon_hours,resource_idle_ratio,occupancy_ratio,unresolved_conflicts,efficiency_index,formula_version,objective_J,compute_ms,validation_ms,offline_solve_elapsed_ms,total_replan_elapsed_ms,feasible_alternatives,validator_passed,strategy,timing_mode,live_compute_ms,live_validation_ms,live_feasible_alternatives,live_validator_passed,live_timing_checkpoint_sim_s,live_timing_actor_mode,live_physical_input_sha256
normal,fcfs,42,adb9f8b98d9bbc18947bdb4d992eb43ca84c30c9eb0b93cb398dddb0c86cd961,0,7200,,0,1.0,7,3.5,171.42857142857142,25.133333333333333,0.0,0.1675,0.0,95.2,efficiency-v1,0.24643772893772894,31.124092005484272,13.736535001953598,49.241199005336966,316.4116199986893,1,True,fcfs/ascending,offline_quality_plus_separate_live_timing_sim0,34.95168199879117,14.292564999777824,1,True,0,paused,15d57e8d0bb8bb4543527a6045d163156525fbb09dcaa10cf59a9e774beeaf10
normal,heuristic,42,adb9f8b98d9bbc18947bdb4d992eb43ca84c30c9eb0b93cb398dddb0c86cd961,0,7200,,0,1.0,7,3.5,171.42857142857142,25.066666666666666,0.0,0.1675,0.0,95.2,efficiency-v1,0.24028388278388277,527.4904659963795,166.00920200289693,696.7497529985849,1036.8609099969035,2,True,earliest_due/ascending,offline_quality_plus_separate_live_timing_sim0,537.4923510025837,214.82843100238824,2,True,0,paused,15d57e8d0bb8bb4543527a6045d163156525fbb09dcaa10cf59a9e774beeaf10
train_delay,fcfs,42,33dfd0c59c0ab418dab249e2793acaa101e26eb684dc2268f6fc96eca9a1741b,0,7200,480,50,1.0,7,3.5,128.57142857142858,24.46666666666667,0.0,0.1625,0.0,96.4,efficiency-v1,0.25247252747252746,30.29998800047906,14.266002996009775,49.30391900415998,328.5144120018231,1,True,fcfs/ascending,offline_quality_plus_separate_live_timing_sim0,36.33169700333383,14.631840997026302,1,True,0,paused,15d57e8d0bb8bb4543527a6045d163156525fbb09dcaa10cf59a9e774beeaf10
train_delay,heuristic,42,33dfd0c59c0ab418dab249e2793acaa101e26eb684dc2268f6fc96eca9a1741b,0,7200,480,50,1.0,7,3.5,154.28571428571428,23.0,0.023121387283236993,0.15833333333333333,0.0,95.5,efficiency-v1,0.24851190476190474,488.9996639903984,166.7366740075522,686.5035980008543,1087.8734479993,2,True,release_R/ascending,offline_quality_plus_separate_live_timing_sim0,570.712574008212,218.6303689959459,2,True,0,paused,15d57e8d0bb8bb4543527a6045d163156525fbb09dcaa10cf59a9e774beeaf10
track_closure,fcfs,42,662657840b0153959402b5a87cf1c208a98f9f2aeb943785371c23f647045ce9,0,7200,480,50,1.0,7,3.5,171.42857142857142,25.133333333333333,0.0,0.1675,0.0,95.2,efficiency-v1,0.24643772893772894,30.48280000075465,13.503301001037471,48.68683999666246,336.82744500401895,1,True,fcfs/ascending,offline_quality_plus_separate_live_timing_sim0,38.37359099998139,14.691984004457481,1,True,0,paused,15d57e8d0bb8bb4543527a6045d163156525fbb09dcaa10cf59a9e774beeaf10
track_closure,heuristic,42,662657840b0153959402b5a87cf1c208a98f9f2aeb943785371c23f647045ce9,0,7200,480,50,1.0,7,3.5,171.42857142857142,25.133333333333333,0.0,0.1675,0.0,95.2,efficiency-v1,0.24643772893772894,475.62327900959644,194.0279859918519,673.0426040012389,1047.2949410032015,2,True,fcfs/ascending,offline_quality_plus_separate_live_timing_sim0,542.3950570257148,212.10852998046903,2,True,0,paused,15d57e8d0bb8bb4543527a6045d163156525fbb09dcaa10cf59a9e774beeaf10
resource_loss,fcfs,42,0a7a980b86e34b7ce3d03689bbafb0a7973bf537abb0889393d7db0e9438b6b3,0,7200,480,50,1.0,7,3.5,171.42857142857142,25.133333333333333,0.0,0.1675,0.0,95.2,efficiency-v1,0.24643772893772894,30.053090005822014,14.552377004292794,49.25736499717459,431.6535759935505,1,True,fcfs/ascending,offline_quality_plus_separate_live_timing_sim0,37.374183993961196,14.887880999594927,1,True,0,paused,15d57e8d0bb8bb4543527a6045d163156525fbb09dcaa10cf59a9e774beeaf10
resource_loss,heuristic,42,0a7a980b86e34b7ce3d03689bbafb0a7973bf537abb0889393d7db0e9438b6b3,0,7200,480,50,1.0,7,3.5,171.42857142857142,25.133333333333333,0.0,0.1675,0.0,95.2,efficiency-v1,0.24643772893772894,478.15608700329904,163.6857119956403,645.4683870033477,1151.8410229982692,2,True,fcfs/ascending,offline_quality_plus_separate_live_timing_sim0,538.2352979941061,214.17132500209846,2,True,0,paused,15d57e8d0bb8bb4543527a6045d163156525fbb09dcaa10cf59a9e774beeaf10
burst5,fcfs,42,ee3ffea6e28436b99aca8e89c2bb818ef3307804ee0750348bfd9259fefcb4fb,0,7200,480,50,1.0,7,3.5,128.57142857142858,24.46666666666667,0.0,0.1625,0.0,96.4,efficiency-v1,0.25247252747252746,31.137130994466133,14.896569002303295,50.63286099903053,351.27317199658137,1,True,fcfs/ascending,offline_quality_plus_separate_live_timing_sim0,38.46254300151486,15.520275999733713,1,True,0,paused,15d57e8d0bb8bb4543527a6045d163156525fbb09dcaa10cf59a9e774beeaf10
burst5,heuristic,42,ee3ffea6e28436b99aca8e89c2bb818ef3307804ee0750348bfd9259fefcb4fb,0,7200,480,50,1.0,7,3.5,154.28571428571428,23.0,0.023121387283236993,0.15833333333333333,0.0,95.5,efficiency-v1,0.24851190476190474,537.0362260000547,169.91892099758843,710.4302829975495,1080.5212129998836,2,True,release_R/ascending,offline_quality_plus_separate_live_timing_sim0,565.0599000000511,216.52501199423568,2,True,0,paused,15d57e8d0bb8bb4543527a6045d163156525fbb09dcaa10cf59a9e774beeaf10
burst10,fcfs,42,68cf9397002d3d898817138ea4bfafd9e8cc98dc1576d6289c9ae69a89f90e92,0,7200,480,50,1.0,7,3.5,137.14285714285714,23.3,0.0,0.15666666666666668,0.0,96.2,efficiency-v1,0.2665659340659341,33.68284599855542,14.863757998682559,53.28514500433812,504.5747160038445,1,True,fcfs/ascending,offline_quality_plus_separate_live_timing_sim0,39.37878999568056,15.51862400083337,1,True,0,paused,15d57e8d0bb8bb4543527a6045d163156525fbb09dcaa10cf59a9e774beeaf10
burst10,heuristic,42,68cf9397002d3d898817138ea4bfafd9e8cc98dc1576d6289c9ae69a89f90e92,0,7200,480,50,1.0,7,3.5,137.14285714285714,27.099999999999998,0.023121387283236993,0.18583333333333332,0.0,96.0,efficiency-v1,0.2220054945054945,529.5012970018433,178.79627399815945,711.9388759965659,1122.0079640042968,2,True,urgency/ascending,offline_quality_plus_separate_live_timing_sim0,575.28355098475,223.0243210142362,2,True,0,paused,15d57e8d0bb8bb4543527a6045d163156525fbb09dcaa10cf59a9e774beeaf10
