record_type,run_id,wall_time,sim_time_s,entity_id,metric,value,unit,plan_id,formula_version,details
summary,run-d134a129-12e1-4ba7-88ef-980c290b8439,2026-10-01T19:59:56.092Z,210,run-d134a129-12e1-4ba7-88ef-980c290b8439,score,100.0,points,,efficiency-v1,"{""from_wall_time"":""2026-10-01T19:58:01.834Z"",""to_wall_time"":""2026-10-01T19:59:56.199Z"",""anchor_seq"":1,""end_seq"":57,""window_start_sim_s"":0,""window_end_sim_s"":210,""config_version"":3,""mode"":""actual"",""category"":""normal""}"
factor,run-d134a129-12e1-4ba7-88ef-980c290b8439,2026-10-01T19:59:56.092Z,210,run-d134a129-12e1-4ba7-88ef-980c290b8439,throughput,,ratio,,efficiency-v1,"{""from_wall_time"":""2026-10-01T19:58:01.834Z"",""to_wall_time"":""2026-10-01T19:59:56.199Z"",""anchor_seq"":1,""end_seq"":57,""window_start_sim_s"":0,""window_end_sim_s"":210,""config_version"":3,""mode"":""actual"",""key"":""throughput"",""raw"":null,""unit"":""ratio"",""norm_penalty"":null,""weight"":0.3,""contribution"":null,""reason"":""Недостаточно данных для фактора""}"
factor,run-d134a129-12e1-4ba7-88ef-980c290b8439,2026-10-01T19:59:56.092Z,210,run-d134a129-12e1-4ba7-88ef-980c290b8439,delay,,sim_seconds,,efficiency-v1,"{""from_wall_time"":""2026-10-01T19:58:01.834Z"",""to_wall_time"":""2026-10-01T19:59:56.199Z"",""anchor_seq"":1,""end_seq"":57,""window_start_sim_s"":0,""window_end_sim_s"":210,""config_version"":3,""mode"":""actual"",""key"":""delay"",""raw"":null,""unit"":""sim_seconds"",""norm_penalty"":null,""weight"":0.25,""contribution"":null,""reason"":""Недостаточно данных для фактора""}"
factor,run-d134a129-12e1-4ba7-88ef-980c290b8439,2026-10-01T19:59:56.092Z,210,run-d134a129-12e1-4ba7-88ef-980c290b8439,occupancy,0.04285714285714286,ratio,,efficiency-v1,"{""from_wall_time"":""2026-10-01T19:58:01.834Z"",""to_wall_time"":""2026-10-01T19:59:56.199Z"",""anchor_seq"":1,""end_seq"":57,""window_start_sim_s"":0,""window_end_sim_s"":210,""config_version"":3,""mode"":""actual"",""key"":""occupancy"",""raw"":0.04285714285714286,""unit"":""ratio"",""norm_penalty"":0.0,""weight"":0.15,""contribution"":0.0,""reason"":""Интеграл физической занятости R1–R4/S1–S4/C1–C2; H/D1 исключены""}"
factor,run-d134a129-12e1-4ba7-88ef-980c290b8439,2026-10-01T19:59:56.092Z,210,run-d134a129-12e1-4ba7-88ef-980c290b8439,conflicts,0.0,count,,efficiency-v1,"{""from_wall_time"":""2026-10-01T19:58:01.834Z"",""to_wall_time"":""2026-10-01T19:59:56.199Z"",""anchor_seq"":1,""end_seq"":57,""window_start_sim_s"":0,""window_end_sim_s"":210,""config_version"":3,""mode"":""actual"",""key"":""conflicts"",""raw"":0.0,""unit"":""count"",""norm_penalty"":0.0,""weight"":0.2,""contribution"":0.0,""reason"":""Нерешённые предупреждения: нет""}"
factor,run-d134a129-12e1-4ba7-88ef-980c290b8439,2026-10-01T19:59:56.092Z,210,run-d134a129-12e1-4ba7-88ef-980c290b8439,resource_idle,0.0,ratio,,efficiency-v1,"{""from_wall_time"":""2026-10-01T19:58:01.834Z"",""to_wall_time"":""2026-10-01T19:59:56.199Z"",""anchor_seq"":1,""end_seq"":57,""window_start_sim_s"":0,""window_end_sim_s"":210,""config_version"":3,""mode"":""actual"",""key"":""resource_idle"",""raw"":0.0,""unit"":""ratio"",""norm_penalty"":0.0,""weight"":0.1,""contribution"":0.0,""reason"":""Интеграл незанятых доступных L1/SH1/I1/I2/CG1 при готовом спросе""}"
summary,run-d134a129-12e1-4ba7-88ef-980c290b8439,2026-10-01T19:59:56.092Z,210,run-d134a129-12e1-4ba7-88ef-980c290b8439,trains_per_hour,0.0,trains/hour,,efficiency-v1,"{""from_wall_time"":""2026-10-01T19:58:01.834Z"",""to_wall_time"":""2026-10-01T19:59:56.199Z"",""anchor_seq"":1,""end_seq"":57,""window_start_sim_s"":0,""window_end_sim_s"":210,""config_version"":3,""mode"":""actual""}"
summary,run-d134a129-12e1-4ba7-88ef-980c290b8439,2026-10-01T19:59:56.092Z,210,run-d134a129-12e1-4ba7-88ef-980c290b8439,freight_wagon_hours,0.7666666666666666,wagon-hours,,efficiency-v1,"{""from_wall_time"":""2026-10-01T19:58:01.834Z"",""to_wall_time"":""2026-10-01T19:59:56.199Z"",""anchor_seq"":1,""end_seq"":57,""window_start_sim_s"":0,""window_end_sim_s"":210,""config_version"":3,""mode"":""actual""}"
summary,run-d134a129-12e1-4ba7-88ef-980c290b8439,2026-10-01T19:59:56.092Z,210,L1,resource_busy,0.0,percent,,efficiency-v1,"{""from_wall_time"":""2026-10-01T19:58:01.834Z"",""to_wall_time"":""2026-10-01T19:59:56.199Z"",""anchor_seq"":1,""end_seq"":57,""window_start_sim_s"":0,""window_end_sim_s"":210,""config_version"":3,""mode"":""actual""}"
summary,run-d134a129-12e1-4ba7-88ef-980c290b8439,2026-10-01T19:59:56.092Z,210,SH1,resource_busy,0.0,percent,,efficiency-v1,"{""from_wall_time"":""2026-10-01T19:58:01.834Z"",""to_wall_time"":""2026-10-01T19:59:56.199Z"",""anchor_seq"":1,""end_seq"":57,""window_start_sim_s"":0,""window_end_sim_s"":210,""config_version"":3,""mode"":""actual""}"
summary,run-d134a129-12e1-4ba7-88ef-980c290b8439,2026-10-01T19:59:56.092Z,210,I1,resource_busy,42.857142857142854,percent,,efficiency-v1,"{""from_wall_time"":""2026-10-01T19:58:01.834Z"",""to_wall_time"":""2026-10-01T19:59:56.199Z"",""anchor_seq"":1,""end_seq"":57,""window_start_sim_s"":0,""window_end_sim_s"":210,""config_version"":3,""mode"":""actual""}"
summary,run-d134a129-12e1-4ba7-88ef-980c290b8439,2026-10-01T19:59:56.092Z,210,I2,resource_busy,0.0,percent,,efficiency-v1,"{""from_wall_time"":""2026-10-01T19:58:01.834Z"",""to_wall_time"":""2026-10-01T19:59:56.199Z"",""anchor_seq"":1,""end_seq"":57,""window_start_sim_s"":0,""window_end_sim_s"":210,""config_version"":3,""mode"":""actual""}"
summary,run-d134a129-12e1-4ba7-88ef-980c290b8439,2026-10-01T19:59:56.092Z,210,CG1,resource_busy,0.0,percent,,efficiency-v1,"{""from_wall_time"":""2026-10-01T19:58:01.834Z"",""to_wall_time"":""2026-10-01T19:59:56.199Z"",""anchor_seq"":1,""end_seq"":57,""window_start_sim_s"":0,""window_end_sim_s"":210,""config_version"":3,""mode"":""actual""}"
summary,run-d134a129-12e1-4ba7-88ef-980c290b8439,2026-10-01T19:59:56.092Z,210,TL1,resource_busy,57.142857142857146,percent,,efficiency-v1,"{""from_wall_time"":""2026-10-01T19:58:01.834Z"",""to_wall_time"":""2026-10-01T19:59:56.199Z"",""anchor_seq"":1,""end_seq"":57,""window_start_sim_s"":0,""window_end_sim_s"":210,""config_version"":3,""mode"":""actual""}"
summary,run-d134a129-12e1-4ba7-88ef-980c290b8439,2026-10-01T19:59:56.092Z,210,TC1,resource_busy,57.142857142857146,percent,,efficiency-v1,"{""from_wall_time"":""2026-10-01T19:58:01.834Z"",""to_wall_time"":""2026-10-01T19:59:56.199Z"",""anchor_seq"":1,""end_seq"":57,""window_start_sim_s"":0,""window_end_sim_s"":210,""config_version"":3,""mode"":""actual""}"
summary,run-d134a129-12e1-4ba7-88ef-980c290b8439,2026-10-01T19:59:56.092Z,210,TL2,resource_busy,14.285714285714286,percent,,efficiency-v1,"{""from_wall_time"":""2026-10-01T19:58:01.834Z"",""to_wall_time"":""2026-10-01T19:59:56.199Z"",""anchor_seq"":1,""end_seq"":57,""window_start_sim_s"":0,""window_end_sim_s"":210,""config_version"":3,""mode"":""actual""}"
summary,run-d134a129-12e1-4ba7-88ef-980c290b8439,2026-10-01T19:59:56.092Z,210,TC2,resource_busy,14.285714285714286,percent,,efficiency-v1,"{""from_wall_time"":""2026-10-01T19:58:01.834Z"",""to_wall_time"":""2026-10-01T19:59:56.199Z"",""anchor_seq"":1,""end_seq"":57,""window_start_sim_s"":0,""window_end_sim_s"":210,""config_version"":3,""mode"":""actual""}"
summary,run-d134a129-12e1-4ba7-88ef-980c290b8439,2026-10-01T19:59:56.092Z,210,TL3,resource_busy,0.0,percent,,efficiency-v1,"{""from_wall_time"":""2026-10-01T19:58:01.834Z"",""to_wall_time"":""2026-10-01T19:59:56.199Z"",""anchor_seq"":1,""end_seq"":57,""window_start_sim_s"":0,""window_end_sim_s"":210,""config_version"":3,""mode"":""actual""}"
summary,run-d134a129-12e1-4ba7-88ef-980c290b8439,2026-10-01T19:59:56.092Z,210,TC3,resource_busy,0.0,percent,,efficiency-v1,"{""from_wall_time"":""2026-10-01T19:58:01.834Z"",""to_wall_time"":""2026-10-01T19:59:56.199Z"",""anchor_seq"":1,""end_seq"":57,""window_start_sim_s"":0,""window_end_sim_s"":210,""config_version"":3,""mode"":""actual""}"
summary,run-d134a129-12e1-4ba7-88ef-980c290b8439,2026-10-01T19:59:56.092Z,210,TL4,resource_busy,0.0,percent,,efficiency-v1,"{""from_wall_time"":""2026-10-01T19:58:01.834Z"",""to_wall_time"":""2026-10-01T19:59:56.199Z"",""anchor_seq"":1,""end_seq"":57,""window_start_sim_s"":0,""window_end_sim_s"":210,""config_version"":3,""mode"":""actual""}"
summary,run-d134a129-12e1-4ba7-88ef-980c290b8439,2026-10-01T19:59:56.092Z,210,TC4,resource_busy,0.0,percent,,efficiency-v1,"{""from_wall_time"":""2026-10-01T19:58:01.834Z"",""to_wall_time"":""2026-10-01T19:59:56.199Z"",""anchor_seq"":1,""end_seq"":57,""window_start_sim_s"":0,""window_end_sim_s"":210,""config_version"":3,""mode"":""actual""}"
summary,run-d134a129-12e1-4ba7-88ef-980c290b8439,2026-10-01T19:59:56.092Z,210,TL5,resource_busy,0.0,percent,,efficiency-v1,"{""from_wall_time"":""2026-10-01T19:58:01.834Z"",""to_wall_time"":""2026-10-01T19:59:56.199Z"",""anchor_seq"":1,""end_seq"":57,""window_start_sim_s"":0,""window_end_sim_s"":210,""config_version"":3,""mode"":""actual""}"
summary,run-d134a129-12e1-4ba7-88ef-980c290b8439,2026-10-01T19:59:56.092Z,210,TC5,resource_busy,0.0,percent,,efficiency-v1,"{""from_wall_time"":""2026-10-01T19:58:01.834Z"",""to_wall_time"":""2026-10-01T19:59:56.199Z"",""anchor_seq"":1,""end_seq"":57,""window_start_sim_s"":0,""window_end_sim_s"":210,""config_version"":3,""mode"":""actual""}"
summary,run-d134a129-12e1-4ba7-88ef-980c290b8439,2026-10-01T19:59:56.092Z,210,TL6,resource_busy,0.0,percent,,efficiency-v1,"{""from_wall_time"":""2026-10-01T19:58:01.834Z"",""to_wall_time"":""2026-10-01T19:59:56.199Z"",""anchor_seq"":1,""end_seq"":57,""window_start_sim_s"":0,""window_end_sim_s"":210,""config_version"":3,""mode"":""actual""}"
summary,run-d134a129-12e1-4ba7-88ef-980c290b8439,2026-10-01T19:59:56.092Z,210,TC6,resource_busy,0.0,percent,,efficiency-v1,"{""from_wall_time"":""2026-10-01T19:58:01.834Z"",""to_wall_time"":""2026-10-01T19:59:56.199Z"",""anchor_seq"":1,""end_seq"":57,""window_start_sim_s"":0,""window_end_sim_s"":210,""config_version"":3,""mode"":""actual""}"
summary,run-d134a129-12e1-4ba7-88ef-980c290b8439,2026-10-01T19:59:56.092Z,210,TP1,resource_busy,0.0,percent,,efficiency-v1,"{""from_wall_time"":""2026-10-01T19:58:01.834Z"",""to_wall_time"":""2026-10-01T19:59:56.199Z"",""anchor_seq"":1,""end_seq"":57,""window_start_sim_s"":0,""window_end_sim_s"":210,""config_version"":3,""mode"":""actual""}"
summary,run-d134a129-12e1-4ba7-88ef-980c290b8439,2026-10-01T19:59:56.092Z,210,TCP1,resource_busy,0.0,percent,,efficiency-v1,"{""from_wall_time"":""2026-10-01T19:58:01.834Z"",""to_wall_time"":""2026-10-01T19:59:56.199Z"",""anchor_seq"":1,""end_seq"":57,""window_start_sim_s"":0,""window_end_sim_s"":210,""config_version"":3,""mode"":""actual""}"
plan,run-d134a129-12e1-4ba7-88ef-980c290b8439,2026-10-01T19:58:12.815Z,0,plan-rp-3b379e3c-f838-4763-bf87-593ad226310d-0,objective_J,0.24028388278388277,ratio,plan-rp-3b379e3c-f838-4763-bf87-593ad226310d-0,efficiency-v1,"{""id"":""plan-rp-3b379e3c-f838-4763-bf87-593ad226310d-0"",""status"":""active"",""forecast"":{""mode"":""forecast"",""score"":95.2,""factors"":[{""key"":""throughput"",""raw"":1.0,""unit"":""ratio"",""reason"":""Прогноз по независимо проверенным transitions"",""weight"":0.3,""contribution"":0.0,""norm_penalty"":0.0},{""key"":""delay"",""raw"":171.42857142857142,""unit"":""sim_seconds"",""reason"":""Прогноз по независимо проверенным transitions"",""weight"":0.25,""contribution"":4.761904761904762,""norm_penalty"":0.19047619047619047},{""key"":""occupancy"",""raw"":0.1675,""unit"":""ratio"",""reason"":""Прогноз по независимо проверенным transitions"",""weight"":0.15,""contribution"":0.0,""norm_penalty"":0.0},{""key"":""conflicts"",""raw"":0.0,""unit"":""count"",""reason"":""Прогноз по независимо проверенным transitions"",""weight"":0.2,""contribution"":0.0,""norm_penalty"":0.0},{""key"":""resource_idle"",""raw"":0.0,""unit"":""ratio"",""reason"":""Прогноз по независимо проверенным transitions"",""weight"":0.1,""contribution"":0.0,""norm_penalty"":0.0}],""category"":""normal"",""formula_version"":""efficiency-v1"",""window_end_sim_s"":7200,""window_start_sim_s"":0},""strategy"":""earliest_due/ascending"",""validity"":""feasible"",""can_apply"":false,""created_at"":""2026-10-01T19:58:12.812Z"",""explanation"":[""Допустимый earliest_due/ascending; J=0.240284; optimal не доказан."",""op-T2-shunt-out: 840→540 sim s; путь C1→C1; ресурсы L1,SH1"",""op-T2-cargo: 1260→960 sim s; путь C1→C1; ресурсы CG1"",""op-T2-shunt-back: 2040→1980 sim s; путь R3→R3; ресурсы L1,SH1"",""op-T2-prep: 2460→2400 sim s; путь R3→R3; ресурсы I1,TL2,TC2"",""op-T2-departure: 2640→2580 sim s; путь None→None; ресурсы TL2,TC2"",""op-T3-arrival: 600→600 sim s; путь R2→R1; ресурсы TL3,TC3"",""op-T3-inspection: 720→720 sim s; путь R2→R1; ресурсы I1"",""op-T3-departure: 1380→1080 sim s; путь None→None; ресурсы TL3,TC3"",""op-T4-arrival: 1260→1200 sim s; путь R4→R4; ресурсы TL4,TC4"",""op-T4-inspection: 1380→1320 sim s; путь R4→R4; ресурсы I1"",""op-T4-shunt-A-out: 1620→1560 sim s; путь S1→S1; ресурсы L1,SH1"",""op-T4-shunt-B-out: 2460→2400 sim s; путь S2→S2; ресурсы L1,SH1"",""op-T4-shunt-A-back: 3240→2820 sim s; путь R4→R4; ресурсы L1,SH1"",""op-T4-shunt-B-back: 3660→3240 sim s; путь R4→R4; ресурсы L1,SH1"",""op-T4-prep: 4080→3660 sim s; путь R4→R4; ресурсы I1,TL4,TC4"",""op-T4-departure: 4260→3840 sim s; путь None→None; ресурсы TL4,TC4"",""op-T5-arrival: 2880→3780 sim s; путь R3→R3; ресурсы TL5,TC5"",""op-T5-inspection: 3000→3900 sim s; путь R3→R3; ресурсы I1"",""op-T5-shunt-out: 4080→4140 sim s; путь C1→C1; ресурсы L1,SH1"",""op-T5-cargo: 4500→4560 sim s; путь C1→C1; ресурсы CG1"",""op-T5-shunt-back: 5220→5280 sim s; путь R3→R3; ресурсы L1,SH1"",""op-T5-prep: 5640→5700 sim s; путь R3→R3; ресурсы I1,TL5,TC5"",""op-T5-departure: 5820→5880 sim s; путь None→None; ресурсы TL5,TC5"",""op-T6-arrival: 2760→2700 sim s; путь R2→R1; ресурсы TL6,TC6"",""op-T6-inspection: 2880→2820 sim s; путь R2→R1; ресурсы I1"",""op-T6-departure: 3120→3660 sim s; путь None→None; ресурсы TL6,TC6"",""op-P1-arrival: 720→960 sim s; путь R1→R2; ресурсы TP1,TCP1"",""op-P1-departure: 840→1080 sim s; путь None→None; ресурсы TP1,TCP1""],""cutover_sim_s"":0,""config_version"":1,""objective_value"":0.24028388278388277,""base_state_version"":4,""base_active_plan_id"":null,""base_input_revision"":1,""optimization_run_id"":""rp-3b379e3c-f838-4763-bf87-593ad226310d"",""changed_operation_ids"":[""op-T2-shunt-out"",""op-T2-cargo"",""op-T2-shunt-back"",""op-T2-prep"",""op-T2-departure"",""op-T3-arrival"",""op-T3-inspection"",""op-T3-departure"",""op-T4-arrival"",""op-T4-inspection"",""op-T4-shunt-A-out"",""op-T4-shunt-B-out"",""op-T4-shunt-A-back"",""op-T4-shunt-B-back"",""op-T4-prep"",""op-T4-departure"",""op-T5-arrival"",""op-T5-inspection"",""op-T5-shunt-out"",""op-T5-cargo"",""op-T5-shunt-back"",""op-T5-prep"",""op-T5-departure"",""op-T6-arrival"",""op-T6-inspection"",""op-T6-departure"",""op-P1-arrival"",""op-P1-departure""]}"
plan,run-d134a129-12e1-4ba7-88ef-980c290b8439,2026-10-01T19:58:12.815Z,0,plan-rp-3b379e3c-f838-4763-bf87-593ad226310d-1,objective_J,0.24028388278388277,ratio,plan-rp-3b379e3c-f838-4763-bf87-593ad226310d-1,efficiency-v1,"{""id"":""plan-rp-3b379e3c-f838-4763-bf87-593ad226310d-1"",""status"":""proposed"",""forecast"":{""mode"":""forecast"",""score"":95.2,""factors"":[{""key"":""throughput"",""raw"":1.0,""unit"":""ratio"",""reason"":""Прогноз по независимо проверенным transitions"",""weight"":0.3,""contribution"":0.0,""norm_penalty"":0.0},{""key"":""delay"",""raw"":171.42857142857142,""unit"":""sim_seconds"",""reason"":""Прогноз по независимо проверенным transitions"",""weight"":0.25,""contribution"":4.761904761904762,""norm_penalty"":0.19047619047619047},{""key"":""occupancy"",""raw"":0.1675,""unit"":""ratio"",""reason"":""Прогноз по независимо проверенным transitions"",""weight"":0.15,""contribution"":0.0,""norm_penalty"":0.0},{""key"":""conflicts"",""raw"":0.0,""unit"":""count"",""reason"":""Прогноз по независимо проверенным transitions"",""weight"":0.2,""contribution"":0.0,""norm_penalty"":0.0},{""key"":""resource_idle"",""raw"":0.0,""unit"":""ratio"",""reason"":""Прогноз по независимо проверенным transitions"",""weight"":0.1,""contribution"":0.0,""norm_penalty"":0.0}],""category"":""normal"",""formula_version"":""efficiency-v1"",""window_end_sim_s"":7200,""window_start_sim_s"":0},""strategy"":""earliest_due/descending"",""validity"":""feasible"",""can_apply"":true,""created_at"":""2026-10-01T19:58:12.812Z"",""explanation"":[""Допустимый earliest_due/descending; J=0.240284; optimal не доказан."",""op-T1-arrival: 0→0 sim s; путь R1→R4; ресурсы TL1,TC1"",""op-T1-inspection: 120→120 sim s; путь R1→R4; ресурсы I2"",""op-T1-departure: 360→360 sim s; путь None→None; ресурсы TL1,TC1"",""op-T2-inspection: 300→300 sim s; путь R3→R3; ресурсы I1"",""op-T2-shunt-out: 840→540 sim s; путь C1→C2; ресурсы L1,SH1"",""op-T2-cargo: 1260→960 sim s; путь C1→C2; ресурсы CG1"",""op-T2-shunt-back: 2040→1980 sim s; путь R3→R3; ресурсы L1,SH1"",""op-T2-prep: 2460→2400 sim s; путь R3→R3; ресурсы I2,TL2,TC2"",""op-T2-departure: 2640→2580 sim s; путь None→None; ресурсы TL2,TC2"",""op-T3-arrival: 600→600 sim s; путь R2→R4; ресурсы TL3,TC3"",""op-T3-inspection: 720→720 sim s; путь R2→R4; ресурсы I2"",""op-T3-departure: 1380→1080 sim s; путь None→None; ресурсы TL3,TC3"",""op-T4-arrival: 1260→1200 sim s; путь R4→R4; ресурсы TL4,TC4"",""op-T4-inspection: 1380→1320 sim s; путь R4→R4; ресурсы I2"",""op-T4-shunt-A-out: 1620→1560 sim s; путь S1→S4; ресурсы L1,SH1"",""op-T4-shunt-B-out: 2460→2400 sim s; путь S2→S3; ресурсы L1,SH1"",""op-T4-shunt-A-back: 3240→2820 sim s; путь R4→R4; ресурсы L1,SH1"",""op-T4-shunt-B-back: 3660→3240 sim s; путь R4→R4; ресурсы L1,SH1"",""op-T4-prep: 4080→3660 sim s; путь R4→R4; ресурсы I2,TL4,TC4"",""op-T4-departure: 4260→3840 sim s; путь None→None; ресурсы TL4,TC4"",""op-T5-arrival: 2880→3780 sim s; путь R3→R3; ресурсы TL5,TC5"",""op-T5-inspection: 3000→3900 sim s; путь R3→R3; ресурсы I2"",""op-T5-shunt-out: 4080→4140 sim s; путь C1→C2; ресурсы L1,SH1"",""op-T5-cargo: 4500→4560 sim s; путь C1→C2; ресурсы CG1"",""op-T5-shunt-back: 5220→5280 sim s; путь R3→R3; ресурсы L1,SH1"",""op-T5-prep: 5640→5700 sim s; путь R3→R3; ресурсы I2,TL5,TC5"",""op-T5-departure: 5820→5880 sim s; путь None→None; ресурсы TL5,TC5"",""op-T6-arrival: 2760→2700 sim s; путь R2→R3; ресурсы TL6,TC6"",""op-T6-inspection: 2880→2820 sim s; путь R2→R3; ресурсы I2"",""op-T6-departure: 3120→3660 sim s; путь None→None; ресурсы TL6,TC6"",""op-P1-arrival: 720→960 sim s; путь R1→R2; ресурсы TP1,TCP1"",""op-P1-departure: 840→1080 sim s; путь None→None; ресурсы TP1,TCP1""],""cutover_sim_s"":0,""config_version"":1,""objective_value"":0.24028388278388277,""base_state_version"":4,""base_active_plan_id"":null,""base_input_revision"":1,""optimization_run_id"":""rp-3b379e3c-f838-4763-bf87-593ad226310d"",""changed_operation_ids"":[""op-T1-arrival"",""op-T1-inspection"",""op-T1-departure"",""op-T2-inspection"",""op-T2-shunt-out"",""op-T2-cargo"",""op-T2-shunt-back"",""op-T2-prep"",""op-T2-departure"",""op-T3-arrival"",""op-T3-inspection"",""op-T3-departure"",""op-T4-arrival"",""op-T4-inspection"",""op-T4-shunt-A-out"",""op-T4-shunt-B-out"",""op-T4-shunt-A-back"",""op-T4-shunt-B-back"",""op-T4-prep"",""op-T4-departure"",""op-T5-arrival"",""op-T5-inspection"",""op-T5-shunt-out"",""op-T5-cargo"",""op-T5-shunt-back"",""op-T5-prep"",""op-T5-departure"",""op-T6-arrival"",""op-T6-inspection"",""op-T6-departure"",""op-P1-arrival"",""op-P1-departure""]}"
plan,run-d134a129-12e1-4ba7-88ef-980c290b8439,2026-10-01T19:58:23.654Z,0,plan-rp-3b379e3c-f838-4763-bf87-593ad226310d-1,objective_J,0.24028388278388277,ratio,plan-rp-3b379e3c-f838-4763-bf87-593ad226310d-1,efficiency-v1,"{""id"":""plan-rp-3b379e3c-f838-4763-bf87-593ad226310d-1"",""status"":""proposed"",""forecast"":{""mode"":""forecast"",""score"":95.2,""factors"":[{""key"":""throughput"",""raw"":1.0,""unit"":""ratio"",""reason"":""Прогноз по независимо проверенным transitions"",""weight"":0.3,""contribution"":0.0,""norm_penalty"":0.0},{""key"":""delay"",""raw"":171.42857142857142,""unit"":""sim_seconds"",""reason"":""Прогноз по независимо проверенным transitions"",""weight"":0.25,""contribution"":4.761904761904762,""norm_penalty"":0.19047619047619047},{""key"":""occupancy"",""raw"":0.1675,""unit"":""ratio"",""reason"":""Прогноз по независимо проверенным transitions"",""weight"":0.15,""contribution"":0.0,""norm_penalty"":0.0},{""key"":""conflicts"",""raw"":0.0,""unit"":""count"",""reason"":""Прогноз по независимо проверенным transitions"",""weight"":0.2,""contribution"":0.0,""norm_penalty"":0.0},{""key"":""resource_idle"",""raw"":0.0,""unit"":""ratio"",""reason"":""Прогноз по независимо проверенным transitions"",""weight"":0.1,""contribution"":0.0,""norm_penalty"":0.0}],""category"":""normal"",""formula_version"":""efficiency-v1"",""window_end_sim_s"":7200,""window_start_sim_s"":0},""strategy"":""earliest_due/descending"",""validity"":""feasible"",""can_apply"":false,""created_at"":""2026-10-01T19:58:12.812Z"",""explanation"":[""Допустимый earliest_due/descending; J=0.240284; optimal не доказан."",""op-T1-arrival: 0→0 sim s; путь R1→R4; ресурсы TL1,TC1"",""op-T1-inspection: 120→120 sim s; путь R1→R4; ресурсы I2"",""op-T1-departure: 360→360 sim s; путь None→None; ресурсы TL1,TC1"",""op-T2-inspection: 300→300 sim s; путь R3→R3; ресурсы I1"",""op-T2-shunt-out: 840→540 sim s; путь C1→C2; ресурсы L1,SH1"",""op-T2-cargo: 1260→960 sim s; путь C1→C2; ресурсы CG1"",""op-T2-shunt-back: 2040→1980 sim s; путь R3→R3; ресурсы L1,SH1"",""op-T2-prep: 2460→2400 sim s; путь R3→R3; ресурсы I2,TL2,TC2"",""op-T2-departure: 2640→2580 sim s; путь None→None; ресурсы TL2,TC2"",""op-T3-arrival: 600→600 sim s; путь R2→R4; ресурсы TL3,TC3"",""op-T3-inspection: 720→720 sim s; путь R2→R4; ресурсы I2"",""op-T3-departure: 1380→1080 sim s; путь None→None; ресурсы TL3,TC3"",""op-T4-arrival: 1260→1200 sim s; путь R4→R4; ресурсы TL4,TC4"",""op-T4-inspection: 1380→1320 sim s; путь R4→R4; ресурсы I2"",""op-T4-shunt-A-out: 1620→1560 sim s; путь S1→S4; ресурсы L1,SH1"",""op-T4-shunt-B-out: 2460→2400 sim s; путь S2→S3; ресурсы L1,SH1"",""op-T4-shunt-A-back: 3240→2820 sim s; путь R4→R4; ресурсы L1,SH1"",""op-T4-shunt-B-back: 3660→3240 sim s; путь R4→R4; ресурсы L1,SH1"",""op-T4-prep: 4080→3660 sim s; путь R4→R4; ресурсы I2,TL4,TC4"",""op-T4-departure: 4260→3840 sim s; путь None→None; ресурсы TL4,TC4"",""op-T5-arrival: 2880→3780 sim s; путь R3→R3; ресурсы TL5,TC5"",""op-T5-inspection: 3000→3900 sim s; путь R3→R3; ресурсы I2"",""op-T5-shunt-out: 4080→4140 sim s; путь C1→C2; ресурсы L1,SH1"",""op-T5-cargo: 4500→4560 sim s; путь C1→C2; ресурсы CG1"",""op-T5-shunt-back: 5220→5280 sim s; путь R3→R3; ресурсы L1,SH1"",""op-T5-prep: 5640→5700 sim s; путь R3→R3; ресурсы I2,TL5,TC5"",""op-T5-departure: 5820→5880 sim s; путь None→None; ресурсы TL5,TC5"",""op-T6-arrival: 2760→2700 sim s; путь R2→R3; ресурсы TL6,TC6"",""op-T6-inspection: 2880→2820 sim s; путь R2→R3; ресурсы I2"",""op-T6-departure: 3120→3660 sim s; путь None→None; ресурсы TL6,TC6"",""op-P1-arrival: 720→960 sim s; путь R1→R2; ресурсы TP1,TCP1"",""op-P1-departure: 840→1080 sim s; путь None→None; ресурсы TP1,TCP1""],""cutover_sim_s"":0,""config_version"":1,""objective_value"":0.24028388278388277,""base_state_version"":4,""base_active_plan_id"":null,""base_input_revision"":1,""optimization_run_id"":""rp-3b379e3c-f838-4763-bf87-593ad226310d"",""changed_operation_ids"":[""op-T1-arrival"",""op-T1-inspection"",""op-T1-departure"",""op-T2-inspection"",""op-T2-shunt-out"",""op-T2-cargo"",""op-T2-shunt-back"",""op-T2-prep"",""op-T2-departure"",""op-T3-arrival"",""op-T3-inspection"",""op-T3-departure"",""op-T4-arrival"",""op-T4-inspection"",""op-T4-shunt-A-out"",""op-T4-shunt-B-out"",""op-T4-shunt-A-back"",""op-T4-shunt-B-back"",""op-T4-prep"",""op-T4-departure"",""op-T5-arrival"",""op-T5-inspection"",""op-T5-shunt-out"",""op-T5-cargo"",""op-T5-shunt-back"",""op-T5-prep"",""op-T5-departure"",""op-T6-arrival"",""op-T6-inspection"",""op-T6-departure"",""op-P1-arrival"",""op-P1-departure""]}"
incident,run-d134a129-12e1-4ba7-88ef-980c290b8439,2026-10-01T19:58:39.584Z,157,inc-6dab13b2-c990-4814-a767-a4b15f9c2421,status,active,status,,efficiency-v1,"{""id"":""inc-6dab13b2-c990-4814-a767-a4b15f9c2421"",""kind"":""train_delay"",""status"":""active"",""target_id"":""T3"",""created_at"":""2026-10-01T19:58:39.530Z"",""ends_sim_s"":757,""delay_sim_s"":300,""description"":""Учебный train_delay: T3; effective sim 157, duration 600s."",""starts_sim_s"":157,""affected_operation_ids"":[""op-T3-arrival"",""op-T3-departure"",""op-T3-inspection""]}"
plan,run-d134a129-12e1-4ba7-88ef-980c290b8439,2026-10-01T19:58:39.584Z,157,plan-rp-3b379e3c-f838-4763-bf87-593ad226310d-0,objective_J,0.24028388278388277,ratio,plan-rp-3b379e3c-f838-4763-bf87-593ad226310d-0,efficiency-v1,"{""id"":""plan-rp-3b379e3c-f838-4763-bf87-593ad226310d-0"",""status"":""active"",""forecast"":{""mode"":""forecast"",""score"":null,""factors"":[{""key"":""throughput"",""raw"":1.0,""unit"":""ratio"",""reason"":""Прогноз по независимо проверенным transitions"",""weight"":0.3,""contribution"":0.0,""norm_penalty"":0.0},{""key"":""delay"",""raw"":171.42857142857142,""unit"":""sim_seconds"",""reason"":""Прогноз по независимо проверенным transitions"",""weight"":0.25,""contribution"":4.761904761904762,""norm_penalty"":0.19047619047619047},{""key"":""occupancy"",""raw"":0.1675,""unit"":""ratio"",""reason"":""Прогноз по независимо проверенным transitions"",""weight"":0.15,""contribution"":0.0,""norm_penalty"":0.0},{""key"":""conflicts"",""raw"":0.0,""unit"":""count"",""reason"":""Прогноз по независимо проверенным transitions"",""weight"":0.2,""contribution"":0.0,""norm_penalty"":0.0},{""key"":""resource_idle"",""raw"":0.0,""unit"":""ratio"",""reason"":""Прогноз по независимо проверенным transitions"",""weight"":0.1,""contribution"":0.0,""norm_penalty"":0.0}],""category"":null,""formula_version"":""efficiency-v1"",""window_end_sim_s"":7200,""window_start_sim_s"":0},""strategy"":""earliest_due/ascending"",""validity"":""invalid"",""can_apply"":false,""created_at"":""2026-10-01T19:58:12.812Z"",""explanation"":[""Допустимый earliest_due/ascending; J=0.240284; optimal не доказан."",""op-T2-shunt-out: 840→540 sim s; путь C1→C1; ресурсы L1,SH1"",""op-T2-cargo: 1260→960 sim s; путь C1→C1; ресурсы CG1"",""op-T2-shunt-back: 2040→1980 sim s; путь R3→R3; ресурсы L1,SH1"",""op-T2-prep: 2460→2400 sim s; путь R3→R3; ресурсы I1,TL2,TC2"",""op-T2-departure: 2640→2580 sim s; путь None→None; ресурсы TL2,TC2"",""op-T3-arrival: 600→600 sim s; путь R2→R1; ресурсы TL3,TC3"",""op-T3-inspection: 720→720 sim s; путь R2→R1; ресурсы I1"",""op-T3-departure: 1380→1080 sim s; путь None→None; ресурсы TL3,TC3"",""op-T4-arrival: 1260→1200 sim s; путь R4→R4; ресурсы TL4,TC4"",""op-T4-inspection: 1380→1320 sim s; путь R4→R4; ресурсы I1"",""op-T4-shunt-A-out: 1620→1560 sim s; путь S1→S1; ресурсы L1,SH1"",""op-T4-shunt-B-out: 2460→2400 sim s; путь S2→S2; ресурсы L1,SH1"",""op-T4-shunt-A-back: 3240→2820 sim s; путь R4→R4; ресурсы L1,SH1"",""op-T4-shunt-B-back: 3660→3240 sim s; путь R4→R4; ресурсы L1,SH1"",""op-T4-prep: 4080→3660 sim s; путь R4→R4; ресурсы I1,TL4,TC4"",""op-T4-departure: 4260→3840 sim s; путь None→None; ресурсы TL4,TC4"",""op-T5-arrival: 2880→3780 sim s; путь R3→R3; ресурсы TL5,TC5"",""op-T5-inspection: 3000→3900 sim s; путь R3→R3; ресурсы I1"",""op-T5-shunt-out: 4080→4140 sim s; путь C1→C1; ресурсы L1,SH1"",""op-T5-cargo: 4500→4560 sim s; путь C1→C1; ресурсы CG1"",""op-T5-shunt-back: 5220→5280 sim s; путь R3→R3; ресурсы L1,SH1"",""op-T5-prep: 5640→5700 sim s; путь R3→R3; ресурсы I1,TL5,TC5"",""op-T5-departure: 5820→5880 sim s; путь None→None; ресурсы TL5,TC5"",""op-T6-arrival: 2760→2700 sim s; путь R2→R1; ресурсы TL6,TC6"",""op-T6-inspection: 2880→2820 sim s; путь R2→R1; ресурсы I1"",""op-T6-departure: 3120→3660 sim s; путь None→None; ресурсы TL6,TC6"",""op-P1-arrival: 720→960 sim s; путь R1→R2; ресурсы TP1,TCP1"",""op-P1-departure: 840→1080 sim s; путь None→None; ресурсы TP1,TCP1""],""cutover_sim_s"":0,""config_version"":1,""objective_value"":0.24028388278388277,""base_state_version"":4,""base_active_plan_id"":null,""base_input_revision"":1,""optimization_run_id"":""rp-3b379e3c-f838-4763-bf87-593ad226310d"",""changed_operation_ids"":[""op-T2-shunt-out"",""op-T2-cargo"",""op-T2-shunt-back"",""op-T2-prep"",""op-T2-departure"",""op-T3-arrival"",""op-T3-inspection"",""op-T3-departure"",""op-T4-arrival"",""op-T4-inspection"",""op-T4-shunt-A-out"",""op-T4-shunt-B-out"",""op-T4-shunt-A-back"",""op-T4-shunt-B-back"",""op-T4-prep"",""op-T4-departure"",""op-T5-arrival"",""op-T5-inspection"",""op-T5-shunt-out"",""op-T5-cargo"",""op-T5-shunt-back"",""op-T5-prep"",""op-T5-departure"",""op-T6-arrival"",""op-T6-inspection"",""op-T6-departure"",""op-P1-arrival"",""op-P1-departure""]}"
plan,run-d134a129-12e1-4ba7-88ef-980c290b8439,2026-10-01T19:58:39.584Z,157,plan-rp-3b379e3c-f838-4763-bf87-593ad226310d-1,objective_J,0.24028388278388277,ratio,plan-rp-3b379e3c-f838-4763-bf87-593ad226310d-1,efficiency-v1,"{""id"":""plan-rp-3b379e3c-f838-4763-bf87-593ad226310d-1"",""status"":""proposed"",""forecast"":{""mode"":""forecast"",""score"":null,""factors"":[{""key"":""throughput"",""raw"":1.0,""unit"":""ratio"",""reason"":""Прогноз по независимо проверенным transitions"",""weight"":0.3,""contribution"":0.0,""norm_penalty"":0.0},{""key"":""delay"",""raw"":171.42857142857142,""unit"":""sim_seconds"",""reason"":""Прогноз по независимо проверенным transitions"",""weight"":0.25,""contribution"":4.761904761904762,""norm_penalty"":0.19047619047619047},{""key"":""occupancy"",""raw"":0.1675,""unit"":""ratio"",""reason"":""Прогноз по независимо проверенным transitions"",""weight"":0.15,""contribution"":0.0,""norm_penalty"":0.0},{""key"":""conflicts"",""raw"":0.0,""unit"":""count"",""reason"":""Прогноз по независимо проверенным transitions"",""weight"":0.2,""contribution"":0.0,""norm_penalty"":0.0},{""key"":""resource_idle"",""raw"":0.0,""unit"":""ratio"",""reason"":""Прогноз по независимо проверенным transitions"",""weight"":0.1,""contribution"":0.0,""norm_penalty"":0.0}],""category"":null,""formula_version"":""efficiency-v1"",""window_end_sim_s"":7200,""window_start_sim_s"":0},""strategy"":""earliest_due/descending"",""validity"":""invalid"",""can_apply"":false,""created_at"":""2026-10-01T19:58:12.812Z"",""explanation"":[""Допустимый earliest_due/descending; J=0.240284; optimal не доказан."",""op-T1-arrival: 0→0 sim s; путь R1→R4; ресурсы TL1,TC1"",""op-T1-inspection: 120→120 sim s; путь R1→R4; ресурсы I2"",""op-T1-departure: 360→360 sim s; путь None→None; ресурсы TL1,TC1"",""op-T2-inspection: 300→300 sim s; путь R3→R3; ресурсы I1"",""op-T2-shunt-out: 840→540 sim s; путь C1→C2; ресурсы L1,SH1"",""op-T2-cargo: 1260→960 sim s; путь C1→C2; ресурсы CG1"",""op-T2-shunt-back: 2040→1980 sim s; путь R3→R3; ресурсы L1,SH1"",""op-T2-prep: 2460→2400 sim s; путь R3→R3; ресурсы I2,TL2,TC2"",""op-T2-departure: 2640→2580 sim s; путь None→None; ресурсы TL2,TC2"",""op-T3-arrival: 600→600 sim s; путь R2→R4; ресурсы TL3,TC3"",""op-T3-inspection: 720→720 sim s; путь R2→R4; ресурсы I2"",""op-T3-departure: 1380→1080 sim s; путь None→None; ресурсы TL3,TC3"",""op-T4-arrival: 1260→1200 sim s; путь R4→R4; ресурсы TL4,TC4"",""op-T4-inspection: 1380→1320 sim s; путь R4→R4; ресурсы I2"",""op-T4-shunt-A-out: 1620→1560 sim s; путь S1→S4; ресурсы L1,SH1"",""op-T4-shunt-B-out: 2460→2400 sim s; путь S2→S3; ресурсы L1,SH1"",""op-T4-shunt-A-back: 3240→2820 sim s; путь R4→R4; ресурсы L1,SH1"",""op-T4-shunt-B-back: 3660→3240 sim s; путь R4→R4; ресурсы L1,SH1"",""op-T4-prep: 4080→3660 sim s; путь R4→R4; ресурсы I2,TL4,TC4"",""op-T4-departure: 4260→3840 sim s; путь None→None; ресурсы TL4,TC4"",""op-T5-arrival: 2880→3780 sim s; путь R3→R3; ресурсы TL5,TC5"",""op-T5-inspection: 3000→3900 sim s; путь R3→R3; ресурсы I2"",""op-T5-shunt-out: 4080→4140 sim s; путь C1→C2; ресурсы L1,SH1"",""op-T5-cargo: 4500→4560 sim s; путь C1→C2; ресурсы CG1"",""op-T5-shunt-back: 5220→5280 sim s; путь R3→R3; ресурсы L1,SH1"",""op-T5-prep: 5640→5700 sim s; путь R3→R3; ресурсы I2,TL5,TC5"",""op-T5-departure: 5820→5880 sim s; путь None→None; ресурсы TL5,TC5"",""op-T6-arrival: 2760→2700 sim s; путь R2→R3; ресурсы TL6,TC6"",""op-T6-inspection: 2880→2820 sim s; путь R2→R3; ресурсы I2"",""op-T6-departure: 3120→3660 sim s; путь None→None; ресурсы TL6,TC6"",""op-P1-arrival: 720→960 sim s; путь R1→R2; ресурсы TP1,TCP1"",""op-P1-departure: 840→1080 sim s; путь None→None; ресурсы TP1,TCP1""],""cutover_sim_s"":0,""config_version"":1,""objective_value"":0.24028388278388277,""base_state_version"":4,""base_active_plan_id"":null,""base_input_revision"":1,""optimization_run_id"":""rp-3b379e3c-f838-4763-bf87-593ad226310d"",""changed_operation_ids"":[""op-T1-arrival"",""op-T1-inspection"",""op-T1-departure"",""op-T2-inspection"",""op-T2-shunt-out"",""op-T2-cargo"",""op-T2-shunt-back"",""op-T2-prep"",""op-T2-departure"",""op-T3-arrival"",""op-T3-inspection"",""op-T3-departure"",""op-T4-arrival"",""op-T4-inspection"",""op-T4-shunt-A-out"",""op-T4-shunt-B-out"",""op-T4-shunt-A-back"",""op-T4-shunt-B-back"",""op-T4-prep"",""op-T4-departure"",""op-T5-arrival"",""op-T5-inspection"",""op-T5-shunt-out"",""op-T5-cargo"",""op-T5-shunt-back"",""op-T5-prep"",""op-T5-departure"",""op-T6-arrival"",""op-T6-inspection"",""op-T6-departure"",""op-P1-arrival"",""op-P1-departure""]}"
plan,run-d134a129-12e1-4ba7-88ef-980c290b8439,2026-10-01T19:58:40.600Z,157,plan-rp-03fcc50e-3671-4706-9988-eeadc6a4e23f-0,objective_J,0.2434863523573201,ratio,plan-rp-03fcc50e-3671-4706-9988-eeadc6a4e23f-0,efficiency-v1,"{""id"":""plan-rp-03fcc50e-3671-4706-9988-eeadc6a4e23f-0"",""status"":""active"",""forecast"":{""mode"":""forecast"",""score"":96.4,""factors"":[{""key"":""throughput"",""raw"":1.0,""unit"":""ratio"",""reason"":""Прогноз по независимо проверенным transitions"",""weight"":0.3,""contribution"":0.0,""norm_penalty"":0.0},{""key"":""delay"",""raw"":128.57142857142858,""unit"":""sim_seconds"",""reason"":""Прогноз по независимо проверенным transitions"",""weight"":0.25,""contribution"":3.571428571428572,""norm_penalty"":0.14285714285714288},{""key"":""occupancy"",""raw"":0.1619861111111111,""unit"":""ratio"",""reason"":""Прогноз по независимо проверенным transitions"",""weight"":0.15,""contribution"":0.0,""norm_penalty"":0.0},{""key"":""conflicts"",""raw"":0.0,""unit"":""count"",""reason"":""Прогноз по независимо проверенным transitions"",""weight"":0.2,""contribution"":0.0,""norm_penalty"":0.0},{""key"":""resource_idle"",""raw"":0.0,""unit"":""ratio"",""reason"":""Прогноз по независимо проверенным transitions"",""weight"":0.1,""contribution"":0.0,""norm_penalty"":0.0}],""category"":""normal"",""formula_version"":""efficiency-v1"",""window_end_sim_s"":7357,""window_start_sim_s"":157},""strategy"":""fcfs/ascending"",""validity"":""feasible"",""can_apply"":false,""created_at"":""2026-10-01T19:58:40.596Z"",""explanation"":[""Допустимый fcfs/ascending; J=0.243486; optimal не доказан."",""inc-6dab13b2-c990-4814-a767-a4b15f9c2421: train_delay для T3"",""op-T2-shunt-back: 1980→1860 sim s; путь R3→R3; ресурсы L1,SH1"",""op-T2-prep: 2400→2280 sim s; путь R3→R3; ресурсы I1,TL2,TC2"",""op-T2-departure: 2580→2460 sim s; путь None→None; ресурсы TL2,TC2"",""op-T3-arrival: 600→900 sim s; путь R1→R1; ресурсы TL3,TC3"",""op-T3-inspection: 720→1020 sim s; путь R1→R1; ресурсы I1"",""op-T3-departure: 1080→1260 sim s; путь None→None; ресурсы TL3,TC3"",""op-T4-arrival: 1200→1080 sim s; путь R4→R4; ресурсы TL4,TC4"",""op-T4-inspection: 1320→1200 sim s; путь R4→R4; ресурсы I2"",""op-T4-shunt-A-out: 1560→1440 sim s; путь S1→S1; ресурсы L1,SH1"",""op-T4-shunt-B-out: 2400→2280 sim s; путь S2→S2; ресурсы L1,SH1"",""op-T4-shunt-A-back: 2820→2700 sim s; путь R4→R4; ресурсы L1,SH1"",""op-T4-shunt-B-back: 3240→3120 sim s; путь R4→R4; ресурсы L1,SH1"",""op-T4-prep: 3660→3540 sim s; путь R4→R4; ресурсы I1,TL4,TC4"",""op-T4-departure: 3840→3720 sim s; путь None→None; ресурсы TL4,TC4"",""op-T5-arrival: 3780→3540 sim s; путь R3→R3; ресурсы TL5,TC5"",""op-T5-inspection: 3900→3660 sim s; путь R3→R3; ресурсы I2"",""op-T5-shunt-out: 4140→3900 sim s; путь C1→C1; ресурсы L1,SH1"",""op-T5-cargo: 4560→4320 sim s; путь C1→C1; ресурсы CG1"",""op-T5-shunt-back: 5280→5040 sim s; путь R3→R3; ресурсы L1,SH1"",""op-T5-prep: 5700→5460 sim s; путь R3→R3; ресурсы I1,TL5,TC5"",""op-T5-departure: 5880→5640 sim s; путь None→None; ресурсы TL5,TC5""],""cutover_sim_s"":157,""config_version"":1,""objective_value"":0.2434863523573201,""base_state_version"":34,""base_active_plan_id"":""plan-rp-3b379e3c-f838-4763-bf87-593ad226310d-0"",""base_input_revision"":5,""optimization_run_id"":""rp-03fcc50e-3671-4706-9988-eeadc6a4e23f"",""changed_operation_ids"":[""op-T2-shunt-back"",""op-T2-prep"",""op-T2-departure"",""op-T3-arrival"",""op-T3-inspection"",""op-T3-departure"",""op-T4-arrival"",""op-T4-inspection"",""op-T4-shunt-A-out"",""op-T4-shunt-B-out"",""op-T4-shunt-A-back"",""op-T4-shunt-B-back"",""op-T4-prep"",""op-T4-departure"",""op-T5-arrival"",""op-T5-inspection"",""op-T5-shunt-out"",""op-T5-cargo"",""op-T5-shunt-back"",""op-T5-prep"",""op-T5-departure""]}"
plan,run-d134a129-12e1-4ba7-88ef-980c290b8439,2026-10-01T19:58:40.600Z,157,plan-rp-03fcc50e-3671-4706-9988-eeadc6a4e23f-1,objective_J,0.2541570660522273,ratio,plan-rp-03fcc50e-3671-4706-9988-eeadc6a4e23f-1,efficiency-v1,"{""id"":""plan-rp-03fcc50e-3671-4706-9988-eeadc6a4e23f-1"",""status"":""proposed"",""forecast"":{""mode"":""forecast"",""score"":95.5,""factors"":[{""key"":""throughput"",""raw"":1.0,""unit"":""ratio"",""reason"":""Прогноз по независимо проверенным transitions"",""weight"":0.3,""contribution"":0.0,""norm_penalty"":0.0},{""key"":""delay"",""raw"":154.28571428571428,""unit"":""sim_seconds"",""reason"":""Прогноз по независимо проверенным transitions"",""weight"":0.25,""contribution"":4.285714285714286,""norm_penalty"":0.17142857142857143},{""key"":""occupancy"",""raw"":0.15781944444444446,""unit"":""ratio"",""reason"":""Прогноз по независимо проверенным transitions"",""weight"":0.15,""contribution"":0.0,""norm_penalty"":0.0},{""key"":""conflicts"",""raw"":0.0,""unit"":""count"",""reason"":""Прогноз по независимо проверенным transitions"",""weight"":0.2,""contribution"":0.0,""norm_penalty"":0.0},{""key"":""resource_idle"",""raw"":0.02320409939089239,""unit"":""ratio"",""reason"":""Прогноз по независимо проверенным transitions"",""weight"":0.1,""contribution"":0.2320409939089239,""norm_penalty"":0.02320409939089239}],""category"":""normal"",""formula_version"":""efficiency-v1"",""window_end_sim_s"":7357,""window_start_sim_s"":157},""strategy"":""release_R/ascending"",""validity"":""feasible"",""can_apply"":true,""created_at"":""2026-10-01T19:58:40.596Z"",""explanation"":[""Допустимый release_R/ascending; J=0.254157; optimal не доказан."",""inc-6dab13b2-c990-4814-a767-a4b15f9c2421: train_delay для T3"",""op-T2-shunt-back: 1980→1860 sim s; путь R3→R3; ресурсы L1,SH1"",""op-T2-prep: 2400→2280 sim s; путь R3→R3; ресурсы I1,TL2,TC2"",""op-T2-departure: 2580→2460 sim s; путь None→None; ресурсы TL2,TC2"",""op-T3-arrival: 600→900 sim s; путь R1→R1; ресурсы TL3,TC3"",""op-T3-inspection: 720→1020 sim s; путь R1→R1; ресурсы I1"",""op-T3-departure: 1080→1260 sim s; путь None→None; ресурсы TL3,TC3"",""op-T4-arrival: 1200→1080 sim s; путь R4→R4; ресурсы TL4,TC4"",""op-T4-inspection: 1320→1200 sim s; путь R4→R4; ресурсы I2"",""op-T4-shunt-A-out: 1560→1440 sim s; путь S1→S1; ресурсы L1,SH1"",""op-T4-shunt-B-out: 2400→2280 sim s; путь S2→S2; ресурсы L1,SH1"",""op-T4-shunt-A-back: 2820→2700 sim s; путь R4→R4; ресурсы L1,SH1"",""op-T5-arrival: 3780→3660 sim s; путь R3→R3; ресурсы TL5,TC5"",""op-T5-inspection: 3900→3780 sim s; путь R3→R3; ресурсы I2"",""op-T5-shunt-out: 4140→4020 sim s; путь C1→C1; ресурсы L1,SH1"",""op-T5-cargo: 4560→4440 sim s; путь C1→C1; ресурсы CG1"",""op-T5-shunt-back: 5280→5160 sim s; путь R3→R3; ресурсы L1,SH1"",""op-T5-prep: 5700→5580 sim s; путь R3→R3; ресурсы I1,TL5,TC5"",""op-T5-departure: 5880→5760 sim s; путь None→None; ресурсы TL5,TC5"",""op-T6-departure: 3660→3120 sim s; путь None→None; ресурсы TL6,TC6""],""cutover_sim_s"":157,""config_version"":1,""objective_value"":0.2541570660522273,""base_state_version"":34,""base_active_plan_id"":""plan-rp-3b379e3c-f838-4763-bf87-593ad226310d-0"",""base_input_revision"":5,""optimization_run_id"":""rp-03fcc50e-3671-4706-9988-eeadc6a4e23f"",""changed_operation_ids"":[""op-T2-shunt-back"",""op-T2-prep"",""op-T2-departure"",""op-T3-arrival"",""op-T3-inspection"",""op-T3-departure"",""op-T4-arrival"",""op-T4-inspection"",""op-T4-shunt-A-out"",""op-T4-shunt-B-out"",""op-T4-shunt-A-back"",""op-T5-arrival"",""op-T5-inspection"",""op-T5-shunt-out"",""op-T5-cargo"",""op-T5-shunt-back"",""op-T5-prep"",""op-T5-departure"",""op-T6-departure""]}"
plan,run-d134a129-12e1-4ba7-88ef-980c290b8439,2026-10-01T19:58:40.728Z,157,plan-rp-03fcc50e-3671-4706-9988-eeadc6a4e23f-1,objective_J,0.2541570660522273,ratio,plan-rp-03fcc50e-3671-4706-9988-eeadc6a4e23f-1,efficiency-v1,"{""id"":""plan-rp-03fcc50e-3671-4706-9988-eeadc6a4e23f-1"",""status"":""proposed"",""forecast"":{""mode"":""forecast"",""score"":95.5,""factors"":[{""key"":""throughput"",""raw"":1.0,""unit"":""ratio"",""reason"":""Прогноз по независимо проверенным transitions"",""weight"":0.3,""contribution"":0.0,""norm_penalty"":0.0},{""key"":""delay"",""raw"":154.28571428571428,""unit"":""sim_seconds"",""reason"":""Прогноз по независимо проверенным transitions"",""weight"":0.25,""contribution"":4.285714285714286,""norm_penalty"":0.17142857142857143},{""key"":""occupancy"",""raw"":0.15781944444444446,""unit"":""ratio"",""reason"":""Прогноз по независимо проверенным transitions"",""weight"":0.15,""contribution"":0.0,""norm_penalty"":0.0},{""key"":""conflicts"",""raw"":0.0,""unit"":""count"",""reason"":""Прогноз по независимо проверенным transitions"",""weight"":0.2,""contribution"":0.0,""norm_penalty"":0.0},{""key"":""resource_idle"",""raw"":0.02320409939089239,""unit"":""ratio"",""reason"":""Прогноз по независимо проверенным transitions"",""weight"":0.1,""contribution"":0.2320409939089239,""norm_penalty"":0.02320409939089239}],""category"":""normal"",""formula_version"":""efficiency-v1"",""window_end_sim_s"":7357,""window_start_sim_s"":157},""strategy"":""release_R/ascending"",""validity"":""feasible"",""can_apply"":false,""created_at"":""2026-10-01T19:58:40.596Z"",""explanation"":[""Допустимый release_R/ascending; J=0.254157; optimal не доказан."",""inc-6dab13b2-c990-4814-a767-a4b15f9c2421: train_delay для T3"",""op-T2-shunt-back: 1980→1860 sim s; путь R3→R3; ресурсы L1,SH1"",""op-T2-prep: 2400→2280 sim s; путь R3→R3; ресурсы I1,TL2,TC2"",""op-T2-departure: 2580→2460 sim s; путь None→None; ресурсы TL2,TC2"",""op-T3-arrival: 600→900 sim s; путь R1→R1; ресурсы TL3,TC3"",""op-T3-inspection: 720→1020 sim s; путь R1→R1; ресурсы I1"",""op-T3-departure: 1080→1260 sim s; путь None→None; ресурсы TL3,TC3"",""op-T4-arrival: 1200→1080 sim s; путь R4→R4; ресурсы TL4,TC4"",""op-T4-inspection: 1320→1200 sim s; путь R4→R4; ресурсы I2"",""op-T4-shunt-A-out: 1560→1440 sim s; путь S1→S1; ресурсы L1,SH1"",""op-T4-shunt-B-out: 2400→2280 sim s; путь S2→S2; ресурсы L1,SH1"",""op-T4-shunt-A-back: 2820→2700 sim s; путь R4→R4; ресурсы L1,SH1"",""op-T5-arrival: 3780→3660 sim s; путь R3→R3; ресурсы TL5,TC5"",""op-T5-inspection: 3900→3780 sim s; путь R3→R3; ресурсы I2"",""op-T5-shunt-out: 4140→4020 sim s; путь C1→C1; ресурсы L1,SH1"",""op-T5-cargo: 4560→4440 sim s; путь C1→C1; ресурсы CG1"",""op-T5-shunt-back: 5280→5160 sim s; путь R3→R3; ресурсы L1,SH1"",""op-T5-prep: 5700→5580 sim s; путь R3→R3; ресурсы I1,TL5,TC5"",""op-T5-departure: 5880→5760 sim s; путь None→None; ресурсы TL5,TC5"",""op-T6-departure: 3660→3120 sim s; путь None→None; ресурсы TL6,TC6""],""cutover_sim_s"":157,""config_version"":1,""objective_value"":0.2541570660522273,""base_state_version"":34,""base_active_plan_id"":""plan-rp-3b379e3c-f838-4763-bf87-593ad226310d-0"",""base_input_revision"":5,""optimization_run_id"":""rp-03fcc50e-3671-4706-9988-eeadc6a4e23f"",""changed_operation_ids"":[""op-T2-shunt-back"",""op-T2-prep"",""op-T2-departure"",""op-T3-arrival"",""op-T3-inspection"",""op-T3-departure"",""op-T4-arrival"",""op-T4-inspection"",""op-T4-shunt-A-out"",""op-T4-shunt-B-out"",""op-T4-shunt-A-back"",""op-T5-arrival"",""op-T5-inspection"",""op-T5-shunt-out"",""op-T5-cargo"",""op-T5-shunt-back"",""op-T5-prep"",""op-T5-departure"",""op-T6-departure""]}"
plan,run-d134a129-12e1-4ba7-88ef-980c290b8439,2026-10-01T19:58:41.884Z,157,plan-rp-eba3c75b-b668-41c6-b5cb-2e359c6fcf33-0,objective_J,0.20961538461538462,ratio,plan-rp-eba3c75b-b668-41c6-b5cb-2e359c6fcf33-0,efficiency-v1,"{""id"":""plan-rp-eba3c75b-b668-41c6-b5cb-2e359c6fcf33-0"",""status"":""active"",""forecast"":{""mode"":""forecast"",""score"":96.4,""factors"":[{""key"":""throughput"",""raw"":1.0,""unit"":""ratio"",""reason"":""Прогноз по независимо проверенным transitions"",""weight"":0.3,""contribution"":0.0,""norm_penalty"":0.0},{""key"":""delay"",""raw"":128.57142857142858,""unit"":""sim_seconds"",""reason"":""Прогноз по независимо проверенным transitions"",""weight"":0.25,""contribution"":3.571428571428572,""norm_penalty"":0.14285714285714288},{""key"":""occupancy"",""raw"":0.1619861111111111,""unit"":""ratio"",""reason"":""Прогноз по независимо проверенным transitions"",""weight"":0.15,""contribution"":0.0,""norm_penalty"":0.0},{""key"":""conflicts"",""raw"":0.0,""unit"":""count"",""reason"":""Прогноз по независимо проверенным transitions"",""weight"":0.2,""contribution"":0.0,""norm_penalty"":0.0},{""key"":""resource_idle"",""raw"":0.0,""unit"":""ratio"",""reason"":""Прогноз по независимо проверенным transitions"",""weight"":0.1,""contribution"":0.0,""norm_penalty"":0.0}],""category"":""normal"",""formula_version"":""efficiency-v1"",""window_end_sim_s"":7357,""window_start_sim_s"":157},""strategy"":""fcfs/ascending"",""validity"":""feasible"",""can_apply"":false,""created_at"":""2026-10-01T19:58:41.880Z"",""explanation"":[""Допустимый fcfs/ascending; J=0.209615; optimal не доказан."",""inc-6dab13b2-c990-4814-a767-a4b15f9c2421: train_delay для T3""],""cutover_sim_s"":157,""config_version"":2,""objective_value"":0.20961538461538462,""base_state_version"":38,""base_active_plan_id"":""plan-rp-03fcc50e-3671-4706-9988-eeadc6a4e23f-0"",""base_input_revision"":6,""optimization_run_id"":""rp-eba3c75b-b668-41c6-b5cb-2e359c6fcf33"",""changed_operation_ids"":[]}"
plan,run-d134a129-12e1-4ba7-88ef-980c290b8439,2026-10-01T19:58:41.884Z,157,plan-rp-eba3c75b-b668-41c6-b5cb-2e359c6fcf33-1,objective_J,0.23482630272952854,ratio,plan-rp-eba3c75b-b668-41c6-b5cb-2e359c6fcf33-1,efficiency-v1,"{""id"":""plan-rp-eba3c75b-b668-41c6-b5cb-2e359c6fcf33-1"",""status"":""proposed"",""forecast"":{""mode"":""forecast"",""score"":96.0,""factors"":[{""key"":""throughput"",""raw"":1.0,""unit"":""ratio"",""reason"":""Прогноз по независимо проверенным transitions"",""weight"":0.3,""contribution"":0.0,""norm_penalty"":0.0},{""key"":""delay"",""raw"":145.71428571428572,""unit"":""sim_seconds"",""reason"":""Прогноз по независимо проверенным transitions"",""weight"":0.25,""contribution"":4.0476190476190474,""norm_penalty"":0.1619047619047619},{""key"":""occupancy"",""raw"":0.16031944444444443,""unit"":""ratio"",""reason"":""Прогноз по независимо проверенным transitions"",""weight"":0.15,""contribution"":0.0,""norm_penalty"":0.0},{""key"":""conflicts"",""raw"":0.0,""unit"":""count"",""reason"":""Прогноз по независимо проверенным transitions"",""weight"":0.2,""contribution"":0.0,""norm_penalty"":0.0},{""key"":""resource_idle"",""raw"":0.0,""unit"":""ratio"",""reason"":""Прогноз по независимо проверенным transitions"",""weight"":0.1,""contribution"":0.0,""norm_penalty"":0.0}],""category"":""normal"",""formula_version"":""efficiency-v1"",""window_end_sim_s"":7357,""window_start_sim_s"":157},""strategy"":""earliest_due/ascending"",""validity"":""feasible"",""can_apply"":true,""created_at"":""2026-10-01T19:58:41.881Z"",""explanation"":[""Допустимый earliest_due/ascending; J=0.234826; optimal не доказан."",""inc-6dab13b2-c990-4814-a767-a4b15f9c2421: train_delay для T3"",""op-T5-arrival: 3540→3660 sim s; путь R3→R3; ресурсы TL5,TC5"",""op-T5-inspection: 3660→3780 sim s; путь R3→R3; ресурсы I1"",""op-T5-shunt-out: 3900→4020 sim s; путь C1→C1; ресурсы L1,SH1"",""op-T5-cargo: 4320→4440 sim s; путь C1→C1; ресурсы CG1"",""op-T5-shunt-back: 5040→5160 sim s; путь R3→R3; ресурсы L1,SH1"",""op-T5-prep: 5460→5580 sim s; путь R3→R3; ресурсы I1,TL5,TC5"",""op-T5-departure: 5640→5760 sim s; путь None→None; ресурсы TL5,TC5"",""op-T6-departure: 3660→3540 sim s; путь None→None; ресурсы TL6,TC6""],""cutover_sim_s"":157,""config_version"":2,""objective_value"":0.23482630272952854,""base_state_version"":38,""base_active_plan_id"":""plan-rp-03fcc50e-3671-4706-9988-eeadc6a4e23f-0"",""base_input_revision"":6,""optimization_run_id"":""rp-eba3c75b-b668-41c6-b5cb-2e359c6fcf33"",""changed_operation_ids"":[""op-T5-arrival"",""op-T5-inspection"",""op-T5-shunt-out"",""op-T5-cargo"",""op-T5-shunt-back"",""op-T5-prep"",""op-T5-departure"",""op-T6-departure""]}"
plan,run-d134a129-12e1-4ba7-88ef-980c290b8439,2026-10-01T19:59:49.458Z,157,plan-rp-eba3c75b-b668-41c6-b5cb-2e359c6fcf33-1,objective_J,0.23482630272952854,ratio,plan-rp-eba3c75b-b668-41c6-b5cb-2e359c6fcf33-1,efficiency-v1,"{""id"":""plan-rp-eba3c75b-b668-41c6-b5cb-2e359c6fcf33-1"",""status"":""proposed"",""forecast"":{""mode"":""forecast"",""score"":96.0,""factors"":[{""key"":""throughput"",""raw"":1.0,""unit"":""ratio"",""reason"":""Прогноз по независимо проверенным transitions"",""weight"":0.3,""contribution"":0.0,""norm_penalty"":0.0},{""key"":""delay"",""raw"":145.71428571428572,""unit"":""sim_seconds"",""reason"":""Прогноз по независимо проверенным transitions"",""weight"":0.25,""contribution"":4.0476190476190474,""norm_penalty"":0.1619047619047619},{""key"":""occupancy"",""raw"":0.16031944444444443,""unit"":""ratio"",""reason"":""Прогноз по независимо проверенным transitions"",""weight"":0.15,""contribution"":0.0,""norm_penalty"":0.0},{""key"":""conflicts"",""raw"":0.0,""unit"":""count"",""reason"":""Прогноз по независимо проверенным transitions"",""weight"":0.2,""contribution"":0.0,""norm_penalty"":0.0},{""key"":""resource_idle"",""raw"":0.0,""unit"":""ratio"",""reason"":""Прогноз по независимо проверенным transitions"",""weight"":0.1,""contribution"":0.0,""norm_penalty"":0.0}],""category"":""normal"",""formula_version"":""efficiency-v1"",""window_end_sim_s"":7357,""window_start_sim_s"":157},""strategy"":""earliest_due/ascending"",""validity"":""feasible"",""can_apply"":false,""created_at"":""2026-10-01T19:58:41.881Z"",""explanation"":[""Допустимый earliest_due/ascending; J=0.234826; optimal не доказан."",""inc-6dab13b2-c990-4814-a767-a4b15f9c2421: train_delay для T3"",""op-T5-arrival: 3540→3660 sim s; путь R3→R3; ресурсы TL5,TC5"",""op-T5-inspection: 3660→3780 sim s; путь R3→R3; ресурсы I1"",""op-T5-shunt-out: 3900→4020 sim s; путь C1→C1; ресурсы L1,SH1"",""op-T5-cargo: 4320→4440 sim s; путь C1→C1; ресурсы CG1"",""op-T5-shunt-back: 5040→5160 sim s; путь R3→R3; ресурсы L1,SH1"",""op-T5-prep: 5460→5580 sim s; путь R3→R3; ресурсы I1,TL5,TC5"",""op-T5-departure: 5640→5760 sim s; путь None→None; ресурсы TL5,TC5"",""op-T6-departure: 3660→3540 sim s; путь None→None; ресурсы TL6,TC6""],""cutover_sim_s"":157,""config_version"":2,""objective_value"":0.23482630272952854,""base_state_version"":38,""base_active_plan_id"":""plan-rp-03fcc50e-3671-4706-9988-eeadc6a4e23f-0"",""base_input_revision"":6,""optimization_run_id"":""rp-eba3c75b-b668-41c6-b5cb-2e359c6fcf33"",""changed_operation_ids"":[""op-T5-arrival"",""op-T5-inspection"",""op-T5-shunt-out"",""op-T5-cargo"",""op-T5-shunt-back"",""op-T5-prep"",""op-T5-departure"",""op-T6-departure""]}"
incident,run-d134a129-12e1-4ba7-88ef-980c290b8439,2026-10-01T19:59:54.915Z,210,inc-2b6cafc5-e0bc-4d7d-a32d-adcec5214bd9,status,active,status,,efficiency-v1,"{""id"":""inc-2b6cafc5-e0bc-4d7d-a32d-adcec5214bd9"",""kind"":""train_delay"",""status"":""active"",""target_id"":""T3"",""created_at"":""2026-10-01T19:59:54.900Z"",""ends_sim_s"":810,""delay_sim_s"":300,""description"":""Учебный train_delay: T3; effective sim 210, duration 600s."",""starts_sim_s"":210,""affected_operation_ids"":[""op-T3-arrival"",""op-T3-departure"",""op-T3-inspection""]}"
plan,run-d134a129-12e1-4ba7-88ef-980c290b8439,2026-10-01T19:59:54.915Z,210,plan-rp-eba3c75b-b668-41c6-b5cb-2e359c6fcf33-0,objective_J,0.20961538461538462,ratio,plan-rp-eba3c75b-b668-41c6-b5cb-2e359c6fcf33-0,efficiency-v1,"{""id"":""plan-rp-eba3c75b-b668-41c6-b5cb-2e359c6fcf33-0"",""status"":""active"",""forecast"":{""mode"":""forecast"",""score"":null,""factors"":[{""key"":""throughput"",""raw"":1.0,""unit"":""ratio"",""reason"":""Прогноз по независимо проверенным transitions"",""weight"":0.3,""contribution"":0.0,""norm_penalty"":0.0},{""key"":""delay"",""raw"":128.57142857142858,""unit"":""sim_seconds"",""reason"":""Прогноз по независимо проверенным transitions"",""weight"":0.25,""contribution"":3.571428571428572,""norm_penalty"":0.14285714285714288},{""key"":""occupancy"",""raw"":0.1619861111111111,""unit"":""ratio"",""reason"":""Прогноз по независимо проверенным transitions"",""weight"":0.15,""contribution"":0.0,""norm_penalty"":0.0},{""key"":""conflicts"",""raw"":0.0,""unit"":""count"",""reason"":""Прогноз по независимо проверенным transitions"",""weight"":0.2,""contribution"":0.0,""norm_penalty"":0.0},{""key"":""resource_idle"",""raw"":0.0,""unit"":""ratio"",""reason"":""Прогноз по независимо проверенным transitions"",""weight"":0.1,""contribution"":0.0,""norm_penalty"":0.0}],""category"":null,""formula_version"":""efficiency-v1"",""window_end_sim_s"":7357,""window_start_sim_s"":157},""strategy"":""fcfs/ascending"",""validity"":""invalid"",""can_apply"":false,""created_at"":""2026-10-01T19:58:41.880Z"",""explanation"":[""Допустимый fcfs/ascending; J=0.209615; optimal не доказан."",""inc-6dab13b2-c990-4814-a767-a4b15f9c2421: train_delay для T3""],""cutover_sim_s"":157,""config_version"":2,""objective_value"":0.20961538461538462,""base_state_version"":38,""base_active_plan_id"":""plan-rp-03fcc50e-3671-4706-9988-eeadc6a4e23f-0"",""base_input_revision"":6,""optimization_run_id"":""rp-eba3c75b-b668-41c6-b5cb-2e359c6fcf33"",""changed_operation_ids"":[]}"
plan,run-d134a129-12e1-4ba7-88ef-980c290b8439,2026-10-01T19:59:54.915Z,210,plan-rp-eba3c75b-b668-41c6-b5cb-2e359c6fcf33-1,objective_J,0.23482630272952854,ratio,plan-rp-eba3c75b-b668-41c6-b5cb-2e359c6fcf33-1,efficiency-v1,"{""id"":""plan-rp-eba3c75b-b668-41c6-b5cb-2e359c6fcf33-1"",""status"":""proposed"",""forecast"":{""mode"":""forecast"",""score"":null,""factors"":[{""key"":""throughput"",""raw"":1.0,""unit"":""ratio"",""reason"":""Прогноз по независимо проверенным transitions"",""weight"":0.3,""contribution"":0.0,""norm_penalty"":0.0},{""key"":""delay"",""raw"":145.71428571428572,""unit"":""sim_seconds"",""reason"":""Прогноз по независимо проверенным transitions"",""weight"":0.25,""contribution"":4.0476190476190474,""norm_penalty"":0.1619047619047619},{""key"":""occupancy"",""raw"":0.16031944444444443,""unit"":""ratio"",""reason"":""Прогноз по независимо проверенным transitions"",""weight"":0.15,""contribution"":0.0,""norm_penalty"":0.0},{""key"":""conflicts"",""raw"":0.0,""unit"":""count"",""reason"":""Прогноз по независимо проверенным transitions"",""weight"":0.2,""contribution"":0.0,""norm_penalty"":0.0},{""key"":""resource_idle"",""raw"":0.0,""unit"":""ratio"",""reason"":""Прогноз по независимо проверенным transitions"",""weight"":0.1,""contribution"":0.0,""norm_penalty"":0.0}],""category"":null,""formula_version"":""efficiency-v1"",""window_end_sim_s"":7357,""window_start_sim_s"":157},""strategy"":""earliest_due/ascending"",""validity"":""invalid"",""can_apply"":false,""created_at"":""2026-10-01T19:58:41.881Z"",""explanation"":[""Допустимый earliest_due/ascending; J=0.234826; optimal не доказан."",""inc-6dab13b2-c990-4814-a767-a4b15f9c2421: train_delay для T3"",""op-T5-arrival: 3540→3660 sim s; путь R3→R3; ресурсы TL5,TC5"",""op-T5-inspection: 3660→3780 sim s; путь R3→R3; ресурсы I1"",""op-T5-shunt-out: 3900→4020 sim s; путь C1→C1; ресурсы L1,SH1"",""op-T5-cargo: 4320→4440 sim s; путь C1→C1; ресурсы CG1"",""op-T5-shunt-back: 5040→5160 sim s; путь R3→R3; ресурсы L1,SH1"",""op-T5-prep: 5460→5580 sim s; путь R3→R3; ресурсы I1,TL5,TC5"",""op-T5-departure: 5640→5760 sim s; путь None→None; ресурсы TL5,TC5"",""op-T6-departure: 3660→3540 sim s; путь None→None; ресурсы TL6,TC6""],""cutover_sim_s"":157,""config_version"":2,""objective_value"":0.23482630272952854,""base_state_version"":38,""base_active_plan_id"":""plan-rp-03fcc50e-3671-4706-9988-eeadc6a4e23f-0"",""base_input_revision"":6,""optimization_run_id"":""rp-eba3c75b-b668-41c6-b5cb-2e359c6fcf33"",""changed_operation_ids"":[""op-T5-arrival"",""op-T5-inspection"",""op-T5-shunt-out"",""op-T5-cargo"",""op-T5-shunt-back"",""op-T5-prep"",""op-T5-departure"",""op-T6-departure""]}"
plan,run-d134a129-12e1-4ba7-88ef-980c290b8439,2026-10-01T19:59:55.959Z,210,plan-rp-e3c2939b-a003-466b-90ff-24d9bb593c44-0,objective_J,0.3467994505494506,ratio,plan-rp-e3c2939b-a003-466b-90ff-24d9bb593c44-0,efficiency-v1,"{""id"":""plan-rp-e3c2939b-a003-466b-90ff-24d9bb593c44-0"",""status"":""active"",""forecast"":{""mode"":""forecast"",""score"":91.6,""factors"":[{""key"":""throughput"",""raw"":1.0,""unit"":""ratio"",""reason"":""Прогноз по независимо проверенным transitions"",""weight"":0.3,""contribution"":0.0,""norm_penalty"":0.0},{""key"":""delay"",""raw"":282.85714285714283,""unit"":""sim_seconds"",""reason"":""Прогноз по независимо проверенным transitions"",""weight"":0.25,""contribution"":7.857142857142857,""norm_penalty"":0.3142857142857143},{""key"":""occupancy"",""raw"":0.15958333333333333,""unit"":""ratio"",""reason"":""Прогноз по независимо проверенным transitions"",""weight"":0.15,""contribution"":0.0,""norm_penalty"":0.0},{""key"":""conflicts"",""raw"":0.0,""unit"":""count"",""reason"":""Прогноз по независимо проверенным transitions"",""weight"":0.2,""contribution"":0.0,""norm_penalty"":0.0},{""key"":""resource_idle"",""raw"":0.056338028169014086,""unit"":""ratio"",""reason"":""Прогноз по независимо проверенным transitions"",""weight"":0.1,""contribution"":0.5633802816901409,""norm_penalty"":0.056338028169014086}],""category"":""normal"",""formula_version"":""efficiency-v1"",""window_end_sim_s"":7410,""window_start_sim_s"":210},""strategy"":""urgency/descending"",""validity"":""feasible"",""can_apply"":false,""created_at"":""2026-10-01T19:59:55.956Z"",""explanation"":[""Допустимый urgency/descending; J=0.346799; optimal не доказан."",""inc-6dab13b2-c990-4814-a767-a4b15f9c2421: train_delay для T3"",""inc-2b6cafc5-e0bc-4d7d-a32d-adcec5214bd9: train_delay для T3"",""op-T2-shunt-out: 540→840 sim s; путь C1→C2; ресурсы L1,SH1"",""op-T2-cargo: 960→1260 sim s; путь C1→C2; ресурсы CG1"",""op-T2-shunt-back: 1860→1980 sim s; путь R3→R3; ресурсы L1,SH1"",""op-T2-prep: 2280→2400 sim s; путь R3→R3; ресурсы I2,TL2,TC2"",""op-T2-departure: 2460→2580 sim s; путь None→None; ресурсы TL2,TC2"",""op-T3-arrival: 900→1200 sim s; путь R1→R4; ресурсы TL3,TC3"",""op-T3-inspection: 1020→1320 sim s; путь R1→R4; ресурсы I2"",""op-T3-departure: 1260→1560 sim s; путь None→None; ресурсы TL3,TC3"",""op-T4-arrival: 1080→1680 sim s; путь R4→R4; ресурсы TL4,TC4"",""op-T4-inspection: 1200→1800 sim s; путь R4→R4; ресурсы I2"",""op-T4-shunt-A-out: 1440→2400 sim s; путь S1→S4; ресурсы L1,SH1"",""op-T4-shunt-B-out: 2280→2820 sim s; путь S2→S3; ресурсы L1,SH1"",""op-T4-shunt-A-back: 2700→3240 sim s; путь R4→R4; ресурсы L1,SH1"",""op-T4-shunt-B-back: 3120→3660 sim s; путь R4→R4; ресурсы L1,SH1"",""op-T4-prep: 3540→4080 sim s; путь R4→R4; ресурсы I2,TL4,TC4"",""op-T4-departure: 3720→4260 sim s; путь None→None; ресурсы TL4,TC4"",""op-T5-arrival: 3540→4200 sim s; путь R3→R3; ресурсы TL5,TC5"",""op-T5-inspection: 3660→4320 sim s; путь R3→R3; ресурсы I2"",""op-T5-shunt-out: 3900→4560 sim s; путь C1→C2; ресурсы L1,SH1"",""op-T5-cargo: 4320→4980 sim s; путь C1→C2; ресурсы CG1"",""op-T5-shunt-back: 5040→5700 sim s; путь R3→R3; ресурсы L1,SH1"",""op-T5-prep: 5460→6120 sim s; путь R3→R3; ресурсы I2,TL5,TC5"",""op-T5-departure: 5640→6300 sim s; путь None→None; ресурсы TL5,TC5"",""op-T6-arrival: 2700→2700 sim s; путь R1→R3; ресурсы TL6,TC6"",""op-T6-inspection: 2820→2820 sim s; путь R1→R3; ресурсы I2"",""op-T6-departure: 3660→4080 sim s; путь None→None; ресурсы TL6,TC6"",""op-P1-arrival: 960→720 sim s; путь R2→R2; ресурсы TP1,TCP1"",""op-P1-departure: 1080→840 sim s; путь None→None; ресурсы TP1,TCP1""],""cutover_sim_s"":210,""config_version"":2,""objective_value"":0.3467994505494506,""base_state_version"":54,""base_active_plan_id"":""plan-rp-eba3c75b-b668-41c6-b5cb-2e359c6fcf33-0"",""base_input_revision"":10,""optimization_run_id"":""rp-e3c2939b-a003-466b-90ff-24d9bb593c44"",""changed_operation_ids"":[""op-T2-shunt-out"",""op-T2-cargo"",""op-T2-shunt-back"",""op-T2-prep"",""op-T2-departure"",""op-T3-arrival"",""op-T3-inspection"",""op-T3-departure"",""op-T4-arrival"",""op-T4-inspection"",""op-T4-shunt-A-out"",""op-T4-shunt-B-out"",""op-T4-shunt-A-back"",""op-T4-shunt-B-back"",""op-T4-prep"",""op-T4-departure"",""op-T5-arrival"",""op-T5-inspection"",""op-T5-shunt-out"",""op-T5-cargo"",""op-T5-shunt-back"",""op-T5-prep"",""op-T5-departure"",""op-T6-arrival"",""op-T6-inspection"",""op-T6-departure"",""op-P1-arrival"",""op-P1-departure""]}"
plan,run-d134a129-12e1-4ba7-88ef-980c290b8439,2026-10-01T19:59:55.959Z,210,plan-rp-e3c2939b-a003-466b-90ff-24d9bb593c44-1,objective_J,0.3475137362637363,ratio,plan-rp-e3c2939b-a003-466b-90ff-24d9bb593c44-1,efficiency-v1,"{""id"":""plan-rp-e3c2939b-a003-466b-90ff-24d9bb593c44-1"",""status"":""proposed"",""forecast"":{""mode"":""forecast"",""score"":89.0,""factors"":[{""key"":""throughput"",""raw"":1.0,""unit"":""ratio"",""reason"":""Прогноз по независимо проверенным transitions"",""weight"":0.3,""contribution"":0.0,""norm_penalty"":0.0},{""key"":""delay"",""raw"":351.42857142857144,""unit"":""sim_seconds"",""reason"":""Прогноз по независимо проверенным transitions"",""weight"":0.25,""contribution"":9.761904761904763,""norm_penalty"":0.3904761904761905},{""key"":""occupancy"",""raw"":0.20625,""unit"":""ratio"",""reason"":""Прогноз по независимо проверенным transitions"",""weight"":0.15,""contribution"":0.0,""norm_penalty"":0.0},{""key"":""conflicts"",""raw"":0.0,""unit"":""count"",""reason"":""Прогноз по независимо проверенным transitions"",""weight"":0.2,""contribution"":0.0,""norm_penalty"":0.0},{""key"":""resource_idle"",""raw"":0.12532637075718014,""unit"":""ratio"",""reason"":""Прогноз по независимо проверенным transitions"",""weight"":0.1,""contribution"":1.2532637075718014,""norm_penalty"":0.12532637075718014}],""category"":""normal"",""formula_version"":""efficiency-v1"",""window_end_sim_s"":7410,""window_start_sim_s"":210},""strategy"":""urgency/ascending"",""validity"":""feasible"",""can_apply"":true,""created_at"":""2026-10-01T19:59:55.956Z"",""explanation"":[""Допустимый urgency/ascending; J=0.347514; optimal не доказан."",""inc-6dab13b2-c990-4814-a767-a4b15f9c2421: train_delay для T3"",""inc-2b6cafc5-e0bc-4d7d-a32d-adcec5214bd9: train_delay для T3"",""op-T2-shunt-out: 540→840 sim s; путь C1→C1; ресурсы L1,SH1"",""op-T2-cargo: 960→1260 sim s; путь C1→C1; ресурсы CG1"",""op-T2-shunt-back: 1860→2340 sim s; путь R3→R3; ресурсы L1,SH1"",""op-T2-prep: 2280→2760 sim s; путь R3→R3; ресурсы I1,TL2,TC2"",""op-T2-departure: 2460→2940 sim s; путь None→None; ресурсы TL2,TC2"",""op-T3-arrival: 900→1200 sim s; путь R1→R1; ресурсы TL3,TC3"",""op-T3-inspection: 1020→1320 sim s; путь R1→R1; ресурсы I1"",""op-T3-departure: 1260→1560 sim s; путь None→None; ресурсы TL3,TC3"",""op-T4-arrival: 1080→1260 sim s; путь R4→R4; ресурсы TL4,TC4"",""op-T4-inspection: 1200→1380 sim s; путь R4→R4; ресурсы I2"",""op-T4-shunt-A-out: 1440→1920 sim s; путь S1→S1; ресурсы L1,SH1"",""op-T4-shunt-B-out: 2280→2760 sim s; путь S2→S2; ресурсы L1,SH1"",""op-T4-shunt-A-back: 2700→3300 sim s; путь R4→R4; ресурсы L1,SH1"",""op-T4-shunt-B-back: 3120→4140 sim s; путь R4→R4; ресурсы L1,SH1"",""op-T4-prep: 3540→4560 sim s; путь R4→R4; ресурсы I1,TL4,TC4"",""op-T4-departure: 3720→4740 sim s; путь None→None; ресурсы TL4,TC4"",""op-T5-arrival: 3540→3180 sim s; путь R3→R3; ресурсы TL5,TC5"",""op-T5-inspection: 3660→3300 sim s; путь R3→R3; ресурсы I1"",""op-T5-shunt-out: 3900→3720 sim s; путь C1→C1; ресурсы L1,SH1"",""op-T5-cargo: 4320→4140 sim s; путь C1→C1; ресурсы CG1"",""op-T5-shunt-back: 5040→4860 sim s; путь R3→R3; ресурсы L1,SH1"",""op-T5-prep: 5460→5280 sim s; путь R3→R3; ресурсы I1,TL5,TC5"",""op-T5-departure: 5640→5460 sim s; путь None→None; ресурсы TL5,TC5"",""op-T6-inspection: 2820→2820 sim s; путь R1→R1; ресурсы I2"",""op-T6-departure: 3660→4560 sim s; путь None→None; ресурсы TL6,TC6"",""op-P1-arrival: 960→720 sim s; путь R2→R1; ресурсы TP1,TCP1"",""op-P1-departure: 1080→840 sim s; путь None→None; ресурсы TP1,TCP1""],""cutover_sim_s"":210,""config_version"":2,""objective_value"":0.3475137362637363,""base_state_version"":54,""base_active_plan_id"":""plan-rp-eba3c75b-b668-41c6-b5cb-2e359c6fcf33-0"",""base_input_revision"":10,""optimization_run_id"":""rp-e3c2939b-a003-466b-90ff-24d9bb593c44"",""changed_operation_ids"":[""op-T2-shunt-out"",""op-T2-cargo"",""op-T2-shunt-back"",""op-T2-prep"",""op-T2-departure"",""op-T3-arrival"",""op-T3-inspection"",""op-T3-departure"",""op-T4-arrival"",""op-T4-inspection"",""op-T4-shunt-A-out"",""op-T4-shunt-B-out"",""op-T4-shunt-A-back"",""op-T4-shunt-B-back"",""op-T4-prep"",""op-T4-departure"",""op-T5-arrival"",""op-T5-inspection"",""op-T5-shunt-out"",""op-T5-cargo"",""op-T5-shunt-back"",""op-T5-prep"",""op-T5-departure"",""op-T6-inspection"",""op-T6-departure"",""op-P1-arrival"",""op-P1-departure""]}"
plan,run-d134a129-12e1-4ba7-88ef-980c290b8439,2026-10-01T19:59:56.092Z,210,plan-rp-e3c2939b-a003-466b-90ff-24d9bb593c44-1,objective_J,0.3475137362637363,ratio,plan-rp-e3c2939b-a003-466b-90ff-24d9bb593c44-1,efficiency-v1,"{""id"":""plan-rp-e3c2939b-a003-466b-90ff-24d9bb593c44-1"",""status"":""proposed"",""forecast"":{""mode"":""forecast"",""score"":89.0,""factors"":[{""key"":""throughput"",""raw"":1.0,""unit"":""ratio"",""reason"":""Прогноз по независимо проверенным transitions"",""weight"":0.3,""contribution"":0.0,""norm_penalty"":0.0},{""key"":""delay"",""raw"":351.42857142857144,""unit"":""sim_seconds"",""reason"":""Прогноз по независимо проверенным transitions"",""weight"":0.25,""contribution"":9.761904761904763,""norm_penalty"":0.3904761904761905},{""key"":""occupancy"",""raw"":0.20625,""unit"":""ratio"",""reason"":""Прогноз по независимо проверенным transitions"",""weight"":0.15,""contribution"":0.0,""norm_penalty"":0.0},{""key"":""conflicts"",""raw"":0.0,""unit"":""count"",""reason"":""Прогноз по независимо проверенным transitions"",""weight"":0.2,""contribution"":0.0,""norm_penalty"":0.0},{""key"":""resource_idle"",""raw"":0.12532637075718014,""unit"":""ratio"",""reason"":""Прогноз по независимо проверенным transitions"",""weight"":0.1,""contribution"":1.2532637075718014,""norm_penalty"":0.12532637075718014}],""category"":""normal"",""formula_version"":""efficiency-v1"",""window_end_sim_s"":7410,""window_start_sim_s"":210},""strategy"":""urgency/ascending"",""validity"":""feasible"",""can_apply"":false,""created_at"":""2026-10-01T19:59:55.956Z"",""explanation"":[""Допустимый urgency/ascending; J=0.347514; optimal не доказан."",""inc-6dab13b2-c990-4814-a767-a4b15f9c2421: train_delay для T3"",""inc-2b6cafc5-e0bc-4d7d-a32d-adcec5214bd9: train_delay для T3"",""op-T2-shunt-out: 540→840 sim s; путь C1→C1; ресурсы L1,SH1"",""op-T2-cargo: 960→1260 sim s; путь C1→C1; ресурсы CG1"",""op-T2-shunt-back: 1860→2340 sim s; путь R3→R3; ресурсы L1,SH1"",""op-T2-prep: 2280→2760 sim s; путь R3→R3; ресурсы I1,TL2,TC2"",""op-T2-departure: 2460→2940 sim s; путь None→None; ресурсы TL2,TC2"",""op-T3-arrival: 900→1200 sim s; путь R1→R1; ресурсы TL3,TC3"",""op-T3-inspection: 1020→1320 sim s; путь R1→R1; ресурсы I1"",""op-T3-departure: 1260→1560 sim s; путь None→None; ресурсы TL3,TC3"",""op-T4-arrival: 1080→1260 sim s; путь R4→R4; ресурсы TL4,TC4"",""op-T4-inspection: 1200→1380 sim s; путь R4→R4; ресурсы I2"",""op-T4-shunt-A-out: 1440→1920 sim s; путь S1→S1; ресурсы L1,SH1"",""op-T4-shunt-B-out: 2280→2760 sim s; путь S2→S2; ресурсы L1,SH1"",""op-T4-shunt-A-back: 2700→3300 sim s; путь R4→R4; ресурсы L1,SH1"",""op-T4-shunt-B-back: 3120→4140 sim s; путь R4→R4; ресурсы L1,SH1"",""op-T4-prep: 3540→4560 sim s; путь R4→R4; ресурсы I1,TL4,TC4"",""op-T4-departure: 3720→4740 sim s; путь None→None; ресурсы TL4,TC4"",""op-T5-arrival: 3540→3180 sim s; путь R3→R3; ресурсы TL5,TC5"",""op-T5-inspection: 3660→3300 sim s; путь R3→R3; ресурсы I1"",""op-T5-shunt-out: 3900→3720 sim s; путь C1→C1; ресурсы L1,SH1"",""op-T5-cargo: 4320→4140 sim s; путь C1→C1; ресурсы CG1"",""op-T5-shunt-back: 5040→4860 sim s; путь R3→R3; ресурсы L1,SH1"",""op-T5-prep: 5460→5280 sim s; путь R3→R3; ресурсы I1,TL5,TC5"",""op-T5-departure: 5640→5460 sim s; путь None→None; ресурсы TL5,TC5"",""op-T6-inspection: 2820→2820 sim s; путь R1→R1; ресурсы I2"",""op-T6-departure: 3660→4560 sim s; путь None→None; ресурсы TL6,TC6"",""op-P1-arrival: 960→720 sim s; путь R2→R1; ресурсы TP1,TCP1"",""op-P1-departure: 1080→840 sim s; путь None→None; ресурсы TP1,TCP1""],""cutover_sim_s"":210,""config_version"":2,""objective_value"":0.3475137362637363,""base_state_version"":54,""base_active_plan_id"":""plan-rp-eba3c75b-b668-41c6-b5cb-2e359c6fcf33-0"",""base_input_revision"":10,""optimization_run_id"":""rp-e3c2939b-a003-466b-90ff-24d9bb593c44"",""changed_operation_ids"":[""op-T2-shunt-out"",""op-T2-cargo"",""op-T2-shunt-back"",""op-T2-prep"",""op-T2-departure"",""op-T3-arrival"",""op-T3-inspection"",""op-T3-departure"",""op-T4-arrival"",""op-T4-inspection"",""op-T4-shunt-A-out"",""op-T4-shunt-B-out"",""op-T4-shunt-A-back"",""op-T4-shunt-B-back"",""op-T4-prep"",""op-T4-departure"",""op-T5-arrival"",""op-T5-inspection"",""op-T5-shunt-out"",""op-T5-cargo"",""op-T5-shunt-back"",""op-T5-prep"",""op-T5-departure"",""op-T6-inspection"",""op-T6-departure"",""op-P1-arrival"",""op-P1-departure""]}"
timing,run-d134a129-12e1-4ba7-88ef-980c290b8439,2026-10-01T19:58:12.859Z,0,rp-3b379e3c-f838-4763-bf87-593ad226310d,elapsed_ms,800.2111829919158,wall_ms,plan-rp-3b379e3c-f838-4763-bf87-593ad226310d-0,efficiency-v1,"{""id"":""rp-3b379e3c-f838-4763-bf87-593ad226310d"",""reason"":""init"",""status"":""succeeded"",""compute_ms"":524.5357989697368,""created_at"":""2026-10-01T19:58:12.057Z"",""elapsed_ms"":800.2111829919158,""started_at"":""2026-10-01T19:58:12.077Z"",""deadline_ms"":5000,""finished_at"":""2026-10-01T19:58:12.857Z"",""validation_ms"":172.26734902942553,""applied_plan_id"":""plan-rp-3b379e3c-f838-4763-bf87-593ad226310d-0"",""candidate_plan_ids"":[""plan-rp-3b379e3c-f838-4763-bf87-593ad226310d-0"",""plan-rp-3b379e3c-f838-4763-bf87-593ad226310d-1""],""base_input_revision"":1,""outcome_reason_codes"":[]}"
timing,run-d134a129-12e1-4ba7-88ef-980c290b8439,2026-10-01T19:58:12.859Z,0,rp-3b379e3c-f838-4763-bf87-593ad226310d,compute_ms,524.5357989697368,wall_ms,plan-rp-3b379e3c-f838-4763-bf87-593ad226310d-0,efficiency-v1,"{""id"":""rp-3b379e3c-f838-4763-bf87-593ad226310d"",""reason"":""init"",""status"":""succeeded"",""compute_ms"":524.5357989697368,""created_at"":""2026-10-01T19:58:12.057Z"",""elapsed_ms"":800.2111829919158,""started_at"":""2026-10-01T19:58:12.077Z"",""deadline_ms"":5000,""finished_at"":""2026-10-01T19:58:12.857Z"",""validation_ms"":172.26734902942553,""applied_plan_id"":""plan-rp-3b379e3c-f838-4763-bf87-593ad226310d-0"",""candidate_plan_ids"":[""plan-rp-3b379e3c-f838-4763-bf87-593ad226310d-0"",""plan-rp-3b379e3c-f838-4763-bf87-593ad226310d-1""],""base_input_revision"":1,""outcome_reason_codes"":[]}"
timing,run-d134a129-12e1-4ba7-88ef-980c290b8439,2026-10-01T19:58:12.859Z,0,rp-3b379e3c-f838-4763-bf87-593ad226310d,validation_ms,172.26734902942553,wall_ms,plan-rp-3b379e3c-f838-4763-bf87-593ad226310d-0,efficiency-v1,"{""id"":""rp-3b379e3c-f838-4763-bf87-593ad226310d"",""reason"":""init"",""status"":""succeeded"",""compute_ms"":524.5357989697368,""created_at"":""2026-10-01T19:58:12.057Z"",""elapsed_ms"":800.2111829919158,""started_at"":""2026-10-01T19:58:12.077Z"",""deadline_ms"":5000,""finished_at"":""2026-10-01T19:58:12.857Z"",""validation_ms"":172.26734902942553,""applied_plan_id"":""plan-rp-3b379e3c-f838-4763-bf87-593ad226310d-0"",""candidate_plan_ids"":[""plan-rp-3b379e3c-f838-4763-bf87-593ad226310d-0"",""plan-rp-3b379e3c-f838-4763-bf87-593ad226310d-1""],""base_input_revision"":1,""outcome_reason_codes"":[]}"
timing,run-d134a129-12e1-4ba7-88ef-980c290b8439,2026-10-01T19:58:40.648Z,157,rp-03fcc50e-3671-4706-9988-eeadc6a4e23f,elapsed_ms,1119.9567090006894,wall_ms,plan-rp-03fcc50e-3671-4706-9988-eeadc6a4e23f-0,efficiency-v1,"{""id"":""rp-03fcc50e-3671-4706-9988-eeadc6a4e23f"",""reason"":""incident_batch"",""status"":""succeeded"",""compute_ms"":576.7880369967315,""created_at"":""2026-10-01T19:58:39.526Z"",""elapsed_ms"":1119.9567090006894,""started_at"":""2026-10-01T19:58:39.770Z"",""deadline_ms"":5000,""finished_at"":""2026-10-01T19:58:40.645Z"",""validation_ms"":179.54503100190777,""applied_plan_id"":""plan-rp-03fcc50e-3671-4706-9988-eeadc6a4e23f-0"",""candidate_plan_ids"":[""plan-rp-03fcc50e-3671-4706-9988-eeadc6a4e23f-0"",""plan-rp-03fcc50e-3671-4706-9988-eeadc6a4e23f-1""],""base_input_revision"":5,""outcome_reason_codes"":[]}"
timing,run-d134a129-12e1-4ba7-88ef-980c290b8439,2026-10-01T19:58:40.648Z,157,rp-03fcc50e-3671-4706-9988-eeadc6a4e23f,compute_ms,576.7880369967315,wall_ms,plan-rp-03fcc50e-3671-4706-9988-eeadc6a4e23f-0,efficiency-v1,"{""id"":""rp-03fcc50e-3671-4706-9988-eeadc6a4e23f"",""reason"":""incident_batch"",""status"":""succeeded"",""compute_ms"":576.7880369967315,""created_at"":""2026-10-01T19:58:39.526Z"",""elapsed_ms"":1119.9567090006894,""started_at"":""2026-10-01T19:58:39.770Z"",""deadline_ms"":5000,""finished_at"":""2026-10-01T19:58:40.645Z"",""validation_ms"":179.54503100190777,""applied_plan_id"":""plan-rp-03fcc50e-3671-4706-9988-eeadc6a4e23f-0"",""candidate_plan_ids"":[""plan-rp-03fcc50e-3671-4706-9988-eeadc6a4e23f-0"",""plan-rp-03fcc50e-3671-4706-9988-eeadc6a4e23f-1""],""base_input_revision"":5,""outcome_reason_codes"":[]}"
timing,run-d134a129-12e1-4ba7-88ef-980c290b8439,2026-10-01T19:58:40.648Z,157,rp-03fcc50e-3671-4706-9988-eeadc6a4e23f,validation_ms,179.54503100190777,wall_ms,plan-rp-03fcc50e-3671-4706-9988-eeadc6a4e23f-0,efficiency-v1,"{""id"":""rp-03fcc50e-3671-4706-9988-eeadc6a4e23f"",""reason"":""incident_batch"",""status"":""succeeded"",""compute_ms"":576.7880369967315,""created_at"":""2026-10-01T19:58:39.526Z"",""elapsed_ms"":1119.9567090006894,""started_at"":""2026-10-01T19:58:39.770Z"",""deadline_ms"":5000,""finished_at"":""2026-10-01T19:58:40.645Z"",""validation_ms"":179.54503100190777,""applied_plan_id"":""plan-rp-03fcc50e-3671-4706-9988-eeadc6a4e23f-0"",""candidate_plan_ids"":[""plan-rp-03fcc50e-3671-4706-9988-eeadc6a4e23f-0"",""plan-rp-03fcc50e-3671-4706-9988-eeadc6a4e23f-1""],""base_input_revision"":5,""outcome_reason_codes"":[]}"
timing,run-d134a129-12e1-4ba7-88ef-980c290b8439,2026-10-01T19:58:41.931Z,157,rp-eba3c75b-b668-41c6-b5cb-2e359c6fcf33,elapsed_ms,1213.9304129959783,wall_ms,plan-rp-eba3c75b-b668-41c6-b5cb-2e359c6fcf33-0,efficiency-v1,"{""id"":""rp-eba3c75b-b668-41c6-b5cb-2e359c6fcf33"",""reason"":""config_changed"",""status"":""succeeded"",""compute_ms"":599.8713480148581,""created_at"":""2026-10-01T19:58:40.715Z"",""elapsed_ms"":1213.9304129959783,""started_at"":""2026-10-01T19:58:40.905Z"",""deadline_ms"":5000,""finished_at"":""2026-10-01T19:58:41.928Z"",""validation_ms"":229.32547699019779,""applied_plan_id"":""plan-rp-eba3c75b-b668-41c6-b5cb-2e359c6fcf33-0"",""candidate_plan_ids"":[""plan-rp-eba3c75b-b668-41c6-b5cb-2e359c6fcf33-0"",""plan-rp-eba3c75b-b668-41c6-b5cb-2e359c6fcf33-1""],""base_input_revision"":6,""outcome_reason_codes"":[]}"
timing,run-d134a129-12e1-4ba7-88ef-980c290b8439,2026-10-01T19:58:41.931Z,157,rp-eba3c75b-b668-41c6-b5cb-2e359c6fcf33,compute_ms,599.8713480148581,wall_ms,plan-rp-eba3c75b-b668-41c6-b5cb-2e359c6fcf33-0,efficiency-v1,"{""id"":""rp-eba3c75b-b668-41c6-b5cb-2e359c6fcf33"",""reason"":""config_changed"",""status"":""succeeded"",""compute_ms"":599.8713480148581,""created_at"":""2026-10-01T19:58:40.715Z"",""elapsed_ms"":1213.9304129959783,""started_at"":""2026-10-01T19:58:40.905Z"",""deadline_ms"":5000,""finished_at"":""2026-10-01T19:58:41.928Z"",""validation_ms"":229.32547699019779,""applied_plan_id"":""plan-rp-eba3c75b-b668-41c6-b5cb-2e359c6fcf33-0"",""candidate_plan_ids"":[""plan-rp-eba3c75b-b668-41c6-b5cb-2e359c6fcf33-0"",""plan-rp-eba3c75b-b668-41c6-b5cb-2e359c6fcf33-1""],""base_input_revision"":6,""outcome_reason_codes"":[]}"
timing,run-d134a129-12e1-4ba7-88ef-980c290b8439,2026-10-01T19:58:41.931Z,157,rp-eba3c75b-b668-41c6-b5cb-2e359c6fcf33,validation_ms,229.32547699019779,wall_ms,plan-rp-eba3c75b-b668-41c6-b5cb-2e359c6fcf33-0,efficiency-v1,"{""id"":""rp-eba3c75b-b668-41c6-b5cb-2e359c6fcf33"",""reason"":""config_changed"",""status"":""succeeded"",""compute_ms"":599.8713480148581,""created_at"":""2026-10-01T19:58:40.715Z"",""elapsed_ms"":1213.9304129959783,""started_at"":""2026-10-01T19:58:40.905Z"",""deadline_ms"":5000,""finished_at"":""2026-10-01T19:58:41.928Z"",""validation_ms"":229.32547699019779,""applied_plan_id"":""plan-rp-eba3c75b-b668-41c6-b5cb-2e359c6fcf33-0"",""candidate_plan_ids"":[""plan-rp-eba3c75b-b668-41c6-b5cb-2e359c6fcf33-0"",""plan-rp-eba3c75b-b668-41c6-b5cb-2e359c6fcf33-1""],""base_input_revision"":6,""outcome_reason_codes"":[]}"
timing,run-d134a129-12e1-4ba7-88ef-980c290b8439,2026-10-01T19:59:56.013Z,210,rp-e3c2939b-a003-466b-90ff-24d9bb593c44,elapsed_ms,1117.3737849967438,wall_ms,plan-rp-e3c2939b-a003-466b-90ff-24d9bb593c44-0,efficiency-v1,"{""id"":""rp-e3c2939b-a003-466b-90ff-24d9bb593c44"",""reason"":""incident_batch"",""status"":""succeeded"",""compute_ms"":568.9112020045286,""created_at"":""2026-10-01T19:59:54.893Z"",""elapsed_ms"":1117.3737849967438,""started_at"":""2026-10-01T19:59:55.113Z"",""deadline_ms"":5000,""finished_at"":""2026-10-01T19:59:56.010Z"",""validation_ms"":181.82468300074106,""applied_plan_id"":""plan-rp-e3c2939b-a003-466b-90ff-24d9bb593c44-0"",""candidate_plan_ids"":[""plan-rp-e3c2939b-a003-466b-90ff-24d9bb593c44-0"",""plan-rp-e3c2939b-a003-466b-90ff-24d9bb593c44-1""],""base_input_revision"":10,""outcome_reason_codes"":[]}"
timing,run-d134a129-12e1-4ba7-88ef-980c290b8439,2026-10-01T19:59:56.013Z,210,rp-e3c2939b-a003-466b-90ff-24d9bb593c44,compute_ms,568.9112020045286,wall_ms,plan-rp-e3c2939b-a003-466b-90ff-24d9bb593c44-0,efficiency-v1,"{""id"":""rp-e3c2939b-a003-466b-90ff-24d9bb593c44"",""reason"":""incident_batch"",""status"":""succeeded"",""compute_ms"":568.9112020045286,""created_at"":""2026-10-01T19:59:54.893Z"",""elapsed_ms"":1117.3737849967438,""started_at"":""2026-10-01T19:59:55.113Z"",""deadline_ms"":5000,""finished_at"":""2026-10-01T19:59:56.010Z"",""validation_ms"":181.82468300074106,""applied_plan_id"":""plan-rp-e3c2939b-a003-466b-90ff-24d9bb593c44-0"",""candidate_plan_ids"":[""plan-rp-e3c2939b-a003-466b-90ff-24d9bb593c44-0"",""plan-rp-e3c2939b-a003-466b-90ff-24d9bb593c44-1""],""base_input_revision"":10,""outcome_reason_codes"":[]}"
timing,run-d134a129-12e1-4ba7-88ef-980c290b8439,2026-10-01T19:59:56.013Z,210,rp-e3c2939b-a003-466b-90ff-24d9bb593c44,validation_ms,181.82468300074106,wall_ms,plan-rp-e3c2939b-a003-466b-90ff-24d9bb593c44-0,efficiency-v1,"{""id"":""rp-e3c2939b-a003-466b-90ff-24d9bb593c44"",""reason"":""incident_batch"",""status"":""succeeded"",""compute_ms"":568.9112020045286,""created_at"":""2026-10-01T19:59:54.893Z"",""elapsed_ms"":1117.3737849967438,""started_at"":""2026-10-01T19:59:55.113Z"",""deadline_ms"":5000,""finished_at"":""2026-10-01T19:59:56.010Z"",""validation_ms"":181.82468300074106,""applied_plan_id"":""plan-rp-e3c2939b-a003-466b-90ff-24d9bb593c44-0"",""candidate_plan_ids"":[""plan-rp-e3c2939b-a003-466b-90ff-24d9bb593c44-0"",""plan-rp-e3c2939b-a003-466b-90ff-24d9bb593c44-1""],""base_input_revision"":10,""outcome_reason_codes"":[]}"
